model	pthr	topk	clr	B	B_npred	F	F_npred	V	V_npred	B+F	B+F_npred	B+V	B+V_npred	B+V+F	B+V+F_npred	BV_gain	BVF_gain	best_multi	multi_gain
RandomForest	0.2	40	perkingdom	0.5946969696969697	35	0.5435606060606061	35	0.6231060606060606	35	0.5928030303030303	35	0.6212121212121212	35	0.6856060606060607	35	0.02651515151515149	0.09090909090909094	0.6856060606060607	0.09090909090909094
AdaBoost	0.15	0	combined	0.5606060606060607	35	0.4734848484848485	35	0.6401515151515151	35	0.5340909090909091	35	0.6515151515151515	35	0.6325757575757576	35	0.09090909090909083	0.0719696969696969	0.6515151515151515	0.09090909090909083
RandomForest	0.15	40	perkingdom	0.5946969696969697	35	0.4810606060606061	35	0.6231060606060606	35	0.600378787878788	35	0.6212121212121212	35	0.6666666666666667	35	0.02651515151515149	0.07196969696969702	0.6666666666666667	0.07196969696969702
AdaBoost	0.2	40	perkingdom	0.6060606060606061	35	0.5416666666666667	35	0.5681818181818182	35	0.6931818181818181	35	0.5454545454545455	35	0.6742424242424242	35	-0.06060606060606055	0.06818181818181812	0.6742424242424242	0.06818181818181812
RandomForest	0.2	60	perkingdom	0.5965909090909091	35	0.5435606060606061	35	0.6628787878787878	35	0.6212121212121213	35	0.6174242424242424	35	0.6609848484848485	35	0.02083333333333337	0.06439393939393945	0.6609848484848485	0.06439393939393945
AdaBoost	0.2	25	perkingdom	0.7083333333333334	35	0.5530303030303031	35	0.5075757575757576	35	0.7651515151515151	35	0.5946969696969697	35	0.7462121212121212	35	-0.11363636363636365	0.037878787878787845	0.7462121212121212	0.037878787878787845
RandomForest	0.15	15	perkingdom	0.7689393939393939	35	0.6041666666666666	35	0.6780303030303031	35	0.7708333333333334	35	0.7821969696969697	35	0.7992424242424243	35	0.013257575757575801	0.030303030303030387	0.7992424242424243	0.030303030303030387
XGBoost	0.1	0	combined	0.5643939393939394	35	0.6287878787878788	35	0.5643939393939394	35	0.5984848484848484	35	0.5946969696969697	35	0.5757575757575758	35	0.030303030303030276	0.011363636363636354	0.5946969696969697	0.030303030303030276
RandomForest	0.1	60	combined	0.5965909090909091	35	0.5776515151515152	35	0.6628787878787878	35	0.5833333333333333	35	0.625	35	0.5928030303030303	35	0.02840909090909094	-0.0037878787878787845	0.625	0.02840909090909094
RandomForest	0.15	60	combined	0.5965909090909091	35	0.4810606060606061	35	0.6628787878787878	35	0.5757575757575757	35	0.625	35	0.5965909090909092	35	0.02840909090909094	1.1102230246251565e-16	0.625	0.02840909090909094
RandomForest	0.2	60	combined	0.5965909090909091	35	0.5435606060606061	35	0.6628787878787878	35	0.5984848484848485	35	0.625	35	0.6079545454545454	35	0.02840909090909094	0.011363636363636354	0.625	0.02840909090909094
RandomForest	0.15	40	combined	0.5946969696969697	35	0.4810606060606061	35	0.6231060606060606	35	0.5416666666666667	35	0.6022727272727273	35	0.6231060606060606	35	0.007575757575757569	0.02840909090909083	0.6231060606060606	0.02840909090909083
XGBoost	0.15	0	combined	0.6704545454545454	35	0.5037878787878788	35	0.5946969696969697	35	0.6553030303030304	35	0.6893939393939393	35	0.6969696969696969	35	0.018939393939393923	0.02651515151515149	0.6969696969696969	0.02651515151515149
RandomForest	0.05	40	perkingdom	0.5946969696969697	35	0.4602272727272727	35	0.6231060606060606	35	0.5795454545454546	35	0.6212121212121212	35	0.6117424242424242	35	0.02651515151515149	0.017045454545454475	0.6212121212121212	0.02651515151515149
RandomForest	0.1	40	perkingdom	0.5946969696969697	35	0.5776515151515152	35	0.6231060606060606	35	0.6098484848484849	35	0.6212121212121212	35	0.5946969696969697	35	0.02651515151515149	0.0	0.6212121212121212	0.02651515151515149
RandomForest	0.15	60	perkingdom	0.5965909090909091	35	0.4810606060606061	35	0.6628787878787878	35	0.6041666666666667	35	0.6174242424242424	35	0.6212121212121212	35	0.02083333333333337	0.024621212121212155	0.6212121212121212	0.024621212121212155
AdaBoost	0.05	15	combined	0.7083333333333333	35	0.29166666666666663	35	0.4507575757575758	35	0.6174242424242424	35	0.731060606060606	35	0.6477272727272728	35	0.022727272727272707	-0.06060606060606044	0.731060606060606	0.022727272727272707
AdaBoost	0.1	15	combined	0.7083333333333333	35	0.5606060606060607	35	0.4507575757575758	35	0.7045454545454545	35	0.731060606060606	35	0.6363636363636364	35	0.022727272727272707	-0.0719696969696969	0.731060606060606	0.022727272727272707
AdaBoost	0.15	15	combined	0.7083333333333333	35	0.48484848484848486	35	0.4507575757575758	35	0.6856060606060607	35	0.731060606060606	35	0.7272727272727273	35	0.022727272727272707	0.018939393939394034	0.731060606060606	0.022727272727272707
AdaBoost	0.2	15	combined	0.7083333333333333	35	0.45833333333333337	35	0.4507575757575758	35	0.6856060606060607	35	0.731060606060606	35	0.7234848484848485	35	0.022727272727272707	0.015151515151515249	0.731060606060606	0.022727272727272707
RandomForest	0.2	15	perkingdom	0.7689393939393939	35	0.5776515151515151	35	0.6780303030303031	35	0.7443181818181819	35	0.7821969696969697	35	0.7897727272727273	35	0.013257575757575801	0.02083333333333337	0.7897727272727273	0.02083333333333337
RandomForest	0.1	60	perkingdom	0.5965909090909091	35	0.5776515151515152	35	0.6628787878787878	35	0.5984848484848485	35	0.6174242424242424	35	0.5965909090909092	35	0.02083333333333337	1.1102230246251565e-16	0.6174242424242424	0.02083333333333337
RandomForest	0.2	25	perkingdom	0.7367424242424243	35	0.5643939393939394	35	0.5871212121212122	35	0.7481060606060607	35	0.6856060606060607	35	0.7556818181818182	35	-0.051136363636363646	0.018939393939393923	0.7556818181818182	0.018939393939393923
RandomForest	0.05	15	perkingdom	0.7689393939393939	35	0.4602272727272727	35	0.6780303030303031	35	0.734848484848485	35	0.7821969696969697	35	0.7632575757575757	35	0.013257575757575801	-0.005681818181818232	0.7821969696969697	0.013257575757575801
RandomForest	0.1	15	perkingdom	0.7689393939393939	35	0.5909090909090909	35	0.6780303030303031	35	0.7386363636363636	35	0.7821969696969697	35	0.7803030303030303	35	0.013257575757575801	0.011363636363636354	0.7821969696969697	0.013257575757575801
XGBoost	0.2	0	combined	0.7007575757575757	35	0.571969696969697	35	0.6098484848484849	35	0.7007575757575757	35	0.7121212121212122	35	0.6969696969696969	35	0.011363636363636465	-0.0037878787878787845	0.7121212121212122	0.011363636363636465
RandomForest	0.2	40	combined	0.5946969696969697	35	0.5435606060606061	35	0.6231060606060606	35	0.5681818181818181	35	0.6022727272727273	35	0.6060606060606061	35	0.007575757575757569	0.011363636363636354	0.6060606060606061	0.011363636363636354
RandomForest	0.2	0	combined	0.5852272727272727	35	0.5435606060606061	35	0.5700757575757576	35	0.5909090909090909	35	0.5890151515151515	35	0.5946969696969697	35	0.0037878787878787845	0.009469696969697017	0.5946969696969697	0.009469696969697017
XGBoost	0.1	25	perkingdom	0.7651515151515151	35	0.6287878787878788	35	0.5871212121212122	35	0.7651515151515151	35	0.7083333333333334	35	0.7727272727272727	35	-0.05681818181818177	0.007575757575757569	0.7727272727272727	0.007575757575757569
RandomForest	0.05	40	combined	0.5946969696969697	35	0.4602272727272727	35	0.6231060606060606	35	0.5549242424242424	35	0.6022727272727273	35	0.6022727272727273	35	0.007575757575757569	0.007575757575757569	0.6022727272727273	0.007575757575757569
RandomForest	0.1	40	combined	0.5946969696969697	35	0.5776515151515152	35	0.6231060606060606	35	0.5890151515151516	35	0.6022727272727273	35	0.5814393939393939	35	0.007575757575757569	-0.013257575757575801	0.6022727272727273	0.007575757575757569
RandomForest	0.05	60	perkingdom	0.6458333333333334	35	0.4602272727272727	35	0.6628787878787878	35	0.625	35	0.6496212121212122	35	0.6306818181818182	35	0.0037878787878787845	-0.015151515151515138	0.6496212121212122	0.0037878787878787845
RandomForest	0.1	0	perkingdom	0.5909090909090909	35	0.5776515151515152	35	0.5946969696969697	35	0.5606060606060606	35	0.5738636363636364	35	0.5946969696969697	35	-0.017045454545454586	0.0037878787878787845	0.5946969696969697	0.0037878787878787845
RandomForest	0.1	0	combined	0.5909090909090909	35	0.5776515151515152	35	0.5946969696969697	35	0.5833333333333334	35	0.5928030303030303	35	0.5662878787878788	35	0.0018939393939393367	-0.024621212121212155	0.5928030303030303	0.0018939393939393367
AdaBoost	0.2	0	combined	0.7462121212121211	35	0.5416666666666667	35	0.6287878787878788	35	0.625	35	0.7424242424242424	35	0.7272727272727273	35	-0.0037878787878786735	-0.01893939393939381	0.7424242424242424	-0.0037878787878786735
AdaBoost	0.2	40	combined	0.6060606060606061	35	0.5416666666666667	35	0.5681818181818182	35	0.5340909090909091	35	0.5113636363636364	35	0.6022727272727273	35	-0.09469696969696972	-0.0037878787878787845	0.6022727272727273	-0.0037878787878787845
RandomForest	0.2	0	perkingdom	0.5852272727272727	35	0.5435606060606061	35	0.5700757575757576	35	0.6268939393939393	35	0.5814393939393939	35	0.5795454545454546	35	-0.0037878787878787845	-0.005681818181818121	0.5814393939393939	-0.0037878787878787845
AdaBoost	0.2	60	perkingdom	0.5643939393939394	35	0.5416666666666667	35	0.5757575757575758	35	0.6060606060606061	35	0.43560606060606066	35	0.5568181818181819	35	-0.12878787878787878	-0.007575757575757569	0.5568181818181819	-0.007575757575757569
RandomForest	0.15	0	perkingdom	0.6306818181818182	35	0.4810606060606061	35	0.5871212121212122	35	0.6496212121212122	35	0.571969696969697	35	0.6231060606060606	35	-0.058712121212121215	-0.00757575757575768	0.6231060606060606	-0.00757575757575768
XGBoost	0.1	40	combined	0.678030303030303	35	0.6287878787878788	35	0.678030303030303	35	0.6628787878787878	35	0.6136363636363636	35	0.6666666666666667	35	-0.06439393939393934	-0.011363636363636243	0.6666666666666667	-0.011363636363636243
AdaBoost	0.15	40	perkingdom	0.6060606060606061	35	0.4734848484848485	35	0.5681818181818182	35	0.5454545454545454	35	0.5454545454545455	35	0.5946969696969697	35	-0.06060606060606055	-0.011363636363636354	0.5946969696969697	-0.011363636363636354
RandomForest	0.15	25	perkingdom	0.7367424242424243	35	0.4810606060606061	35	0.5871212121212122	35	0.7556818181818182	35	0.6856060606060607	35	0.7234848484848485	35	-0.051136363636363646	-0.013257575757575801	0.7234848484848485	-0.013257575757575801
AdaBoost	0.1	25	combined	0.7083333333333334	35	0.5568181818181819	35	0.5075757575757576	35	0.75	35	0.5568181818181819	35	0.6931818181818182	35	-0.1515151515151515	-0.015151515151515138	0.6931818181818182	-0.015151515151515138
XGBoost	0.1	15	combined	0.8030303030303031	35	0.6325757575757576	35	0.7007575757575757	35	0.7689393939393939	35	0.7234848484848485	35	0.7840909090909092	35	-0.07954545454545459	-0.018939393939393923	0.7840909090909092	-0.018939393939393923
XGBoost	0.1	40	perkingdom	0.678030303030303	35	0.6287878787878788	35	0.678030303030303	35	0.6893939393939394	35	0.6363636363636364	35	0.6590909090909091	35	-0.04166666666666663	-0.018939393939393923	0.6590909090909091	-0.018939393939393923
AdaBoost	0.15	40	combined	0.6060606060606061	35	0.4734848484848485	35	0.5681818181818182	35	0.5643939393939394	35	0.5113636363636364	35	0.5871212121212122	35	-0.09469696969696972	-0.018939393939393923	0.5871212121212122	-0.018939393939393923
AdaBoost	0.15	25	perkingdom	0.7083333333333334	35	0.4734848484848485	35	0.5075757575757576	35	0.6477272727272727	35	0.5946969696969697	35	0.6856060606060607	35	-0.11363636363636365	-0.022727272727272707	0.6856060606060607	-0.022727272727272707
RandomForest	0.15	0	combined	0.6306818181818182	35	0.4810606060606061	35	0.5871212121212122	35	0.6590909090909091	35	0.5909090909090909	35	0.6079545454545454	35	-0.03977272727272729	-0.022727272727272818	0.6079545454545454	-0.022727272727272818
XGBoost	0.15	25	combined	0.7651515151515151	35	0.5037878787878788	35	0.5871212121212122	35	0.8181818181818182	35	0.6931818181818182	35	0.7386363636363636	35	-0.0719696969696969	-0.02651515151515149	0.7386363636363636	-0.02651515151515149
XGBoost	0.2	25	combined	0.7651515151515151	35	0.5833333333333334	35	0.5871212121212122	35	0.7424242424242424	35	0.6931818181818182	35	0.7386363636363636	35	-0.0719696969696969	-0.02651515151515149	0.7386363636363636	-0.02651515151515149
XGBoost	0.2	40	perkingdom	0.678030303030303	35	0.571969696969697	35	0.678030303030303	35	0.6287878787878788	35	0.6363636363636364	35	0.6515151515151515	35	-0.04166666666666663	-0.02651515151515149	0.6515151515151515	-0.02651515151515149
XGBoost	0.1	15	perkingdom	0.8030303030303031	35	0.6325757575757576	35	0.7007575757575757	35	0.7954545454545454	35	0.7575757575757576	35	0.7765151515151515	35	-0.045454545454545525	-0.026515151515151603	0.7765151515151515	-0.026515151515151603
RandomForest	0.05	15	combined	0.7689393939393939	35	0.4602272727272727	35	0.6780303030303031	35	0.6988636363636364	35	0.7405303030303031	35	0.6931818181818182	35	-0.02840909090909083	-0.07575757575757569	0.7405303030303031	-0.02840909090909083
RandomForest	0.1	15	combined	0.7689393939393939	35	0.5909090909090909	35	0.6780303030303031	35	0.7196969696969697	35	0.7405303030303031	35	0.6609848484848485	35	-0.02840909090909083	-0.10795454545454541	0.7405303030303031	-0.02840909090909083
RandomForest	0.15	15	combined	0.7689393939393939	35	0.6041666666666666	35	0.6780303030303031	35	0.7405303030303031	35	0.7405303030303031	35	0.6609848484848485	35	-0.02840909090909083	-0.10795454545454541	0.7405303030303031	-0.02840909090909083
RandomForest	0.2	15	combined	0.7689393939393939	35	0.5776515151515151	35	0.6780303030303031	35	0.7405303030303031	35	0.7405303030303031	35	0.6571969696969697	35	-0.02840909090909083	-0.1117424242424242	0.7405303030303031	-0.02840909090909083
XGBoost	0.15	40	perkingdom	0.678030303030303	35	0.5037878787878788	35	0.678030303030303	35	0.6477272727272727	35	0.6363636363636364	35	0.6477272727272727	35	-0.04166666666666663	-0.030303030303030276	0.6477272727272727	-0.030303030303030276
AdaBoost	0.1	60	combined	0.5643939393939394	35	0.5568181818181819	35	0.5757575757575758	35	0.5606060606060607	35	0.5340909090909092	35	0.48484848484848486	35	-0.030303030303030276	-0.07954545454545459	0.5340909090909092	-0.030303030303030276
AdaBoost	0.15	60	combined	0.5643939393939394	35	0.4734848484848485	35	0.5757575757575758	35	0.553030303030303	35	0.5340909090909092	35	0.46212121212121215	35	-0.030303030303030276	-0.10227272727272729	0.5340909090909092	-0.030303030303030276
AdaBoost	0.2	60	combined	0.5643939393939394	35	0.5416666666666667	35	0.5757575757575758	35	0.5113636363636362	35	0.5340909090909092	35	0.5075757575757576	35	-0.030303030303030276	-0.05681818181818188	0.5340909090909092	-0.030303030303030276
RandomForest	0.05	60	combined	0.6458333333333334	35	0.4602272727272727	35	0.6628787878787878	35	0.6231060606060606	35	0.615530303030303	35	0.6098484848484849	35	-0.030303030303030387	-0.03598484848484851	0.615530303030303	-0.030303030303030387
XGBoost	0.1	60	perkingdom	0.5946969696969697	35	0.6287878787878788	35	0.6590909090909091	35	0.5909090909090909	35	0.5037878787878788	35	0.5643939393939393	35	-0.09090909090909094	-0.030303030303030387	0.5643939393939393	-0.030303030303030387
AdaBoost	0.1	0	combined	0.5492424242424243	35	0.5568181818181819	35	0.5454545454545454	35	0.5113636363636364	35	0.5151515151515151	35	0.4696969696969697	35	-0.03409090909090917	-0.07954545454545459	0.5151515151515151	-0.03409090909090917
AdaBoost	0.15	15	perkingdom	0.7083333333333333	35	0.48484848484848486	35	0.4507575757575758	35	0.7121212121212122	35	0.6477272727272727	35	0.6704545454545454	35	-0.06060606060606055	-0.037878787878787845	0.6704545454545454	-0.037878787878787845
XGBoost	0.2	40	combined	0.678030303030303	35	0.571969696969697	35	0.678030303030303	35	0.6515151515151515	35	0.6136363636363636	35	0.6401515151515151	35	-0.06439393939393934	-0.037878787878787845	0.6401515151515151	-0.037878787878787845
RandomForest	0.1	25	perkingdom	0.7367424242424243	35	0.5776515151515152	35	0.5871212121212122	35	0.7253787878787878	35	0.6856060606060607	35	0.6988636363636364	35	-0.051136363636363646	-0.037878787878787956	0.6988636363636364	-0.037878787878787956
RandomForest	0.05	0	combined	0.6382575757575758	35	0.4602272727272727	35	0.5681818181818182	35	0.6231060606060606	35	0.5984848484848485	35	0.5814393939393939	35	-0.03977272727272729	-0.05681818181818188	0.5984848484848485	-0.03977272727272729
XGBoost	0.1	25	combined	0.7651515151515151	35	0.6287878787878788	35	0.5871212121212122	35	0.7424242424242423	35	0.6931818181818182	35	0.7234848484848485	35	-0.0719696969696969	-0.04166666666666663	0.7234848484848485	-0.04166666666666663
XGBoost	0.05	40	perkingdom	0.678030303030303	35	0.3333333333333333	35	0.678030303030303	35	0.6742424242424242	35	0.6363636363636364	35	0.6325757575757576	35	-0.04166666666666663	-0.045454545454545414	0.6363636363636364	-0.04166666666666663
AdaBoost	0.1	40	combined	0.6060606060606061	35	0.5568181818181819	35	0.5681818181818182	35	0.5378787878787878	35	0.5113636363636364	35	0.5643939393939394	35	-0.09469696969696972	-0.04166666666666663	0.5643939393939394	-0.04166666666666663
XGBoost	0.05	15	combined	0.8030303030303031	35	0.3333333333333333	35	0.7007575757575757	35	0.7462121212121212	35	0.7234848484848485	35	0.7613636363636364	35	-0.07954545454545459	-0.04166666666666674	0.7613636363636364	-0.04166666666666674
XGBoost	0.15	15	perkingdom	0.8030303030303031	35	0.5757575757575758	35	0.7007575757575757	35	0.7613636363636365	35	0.7575757575757576	35	0.7613636363636364	35	-0.045454545454545525	-0.04166666666666674	0.7613636363636364	-0.04166666666666674
XGBoost	0.1	60	combined	0.5946969696969697	35	0.6287878787878788	35	0.6590909090909091	35	0.5871212121212122	35	0.553030303030303	35	0.5037878787878788	35	-0.04166666666666674	-0.09090909090909094	0.553030303030303	-0.04166666666666674
XGBoost	0.15	60	combined	0.5946969696969697	35	0.5037878787878788	35	0.6590909090909091	35	0.5833333333333333	35	0.553030303030303	35	0.5113636363636365	35	-0.04166666666666674	-0.08333333333333326	0.553030303030303	-0.04166666666666674
XGBoost	0.2	60	combined	0.5946969696969697	35	0.571969696969697	35	0.6590909090909091	35	0.6590909090909092	35	0.553030303030303	35	0.5378787878787878	35	-0.04166666666666674	-0.05681818181818188	0.553030303030303	-0.04166666666666674
XGBoost	0.15	25	perkingdom	0.7651515151515151	35	0.5037878787878788	35	0.5871212121212122	35	0.7310606060606061	35	0.7083333333333334	35	0.7196969696969697	35	-0.05681818181818177	-0.045454545454545414	0.7196969696969697	-0.045454545454545414
XGBoost	0.2	25	perkingdom	0.7651515151515151	35	0.5833333333333334	35	0.5871212121212122	35	0.7310606060606061	35	0.7083333333333334	35	0.7196969696969697	35	-0.05681818181818177	-0.045454545454545414	0.7196969696969697	-0.045454545454545414
XGBoost	0.05	0	combined	0.6325757575757576	35	0.3333333333333333	35	0.625	35	0.6325757575757576	35	0.5871212121212122	35	0.5643939393939394	35	-0.045454545454545414	-0.06818181818181812	0.5871212121212122	-0.045454545454545414
XGBoost	0.05	15	perkingdom	0.8030303030303031	35	0.3333333333333333	35	0.7007575757575757	35	0.7840909090909091	35	0.7575757575757576	35	0.7462121212121212	35	-0.045454545454545525	-0.05681818181818188	0.7575757575757576	-0.045454545454545525
XGBoost	0.2	15	perkingdom	0.8030303030303031	35	0.553030303030303	35	0.7007575757575757	35	0.7386363636363636	35	0.7575757575757576	35	0.7462121212121212	35	-0.045454545454545525	-0.05681818181818188	0.7575757575757576	-0.045454545454545525
XGBoost	0.1	0	perkingdom	0.5643939393939394	35	0.6287878787878788	35	0.5643939393939394	35	0.5643939393939394	35	0.5	35	0.5151515151515151	35	-0.06439393939393945	-0.04924242424242431	0.5151515151515151	-0.04924242424242431
AdaBoost	0.15	0	perkingdom	0.5606060606060607	35	0.4734848484848485	35	0.6401515151515151	35	0.4621212121212121	35	0.5113636363636364	35	0.45833333333333337	35	-0.04924242424242431	-0.10227272727272729	0.5113636363636364	-0.04924242424242431
RandomForest	0.05	25	perkingdom	0.7367424242424243	35	0.4602272727272727	35	0.5871212121212122	35	0.7234848484848485	35	0.6856060606060607	35	0.668560606060606	35	-0.051136363636363646	-0.06818181818181834	0.6856060606060607	-0.051136363636363646
XGBoost	0.05	25	perkingdom	0.7651515151515151	35	0.3333333333333333	35	0.5871212121212122	35	0.7386363636363636	35	0.7083333333333334	35	0.678030303030303	35	-0.05681818181818177	-0.08712121212121215	0.7083333333333334	-0.05681818181818177
AdaBoost	0.2	15	perkingdom	0.7083333333333333	35	0.45833333333333337	35	0.4507575757575758	35	0.7045454545454546	35	0.6477272727272727	35	0.6515151515151515	35	-0.06060606060606055	-0.05681818181818177	0.6515151515151515	-0.05681818181818177
XGBoost	0.15	40	combined	0.678030303030303	35	0.5037878787878788	35	0.678030303030303	35	0.6628787878787878	35	0.6136363636363636	35	0.6212121212121212	35	-0.06439393939393934	-0.05681818181818177	0.6212121212121212	-0.05681818181818177
XGBoost	0.05	60	perkingdom	0.6212121212121212	35	0.3333333333333333	35	0.6590909090909091	35	0.6439393939393939	35	0.5643939393939394	35	0.5492424242424242	35	-0.05681818181818177	-0.07196969696969702	0.5643939393939394	-0.05681818181818177
AdaBoost	0.05	15	perkingdom	0.7083333333333333	35	0.29166666666666663	35	0.4507575757575758	35	0.6363636363636364	35	0.6477272727272727	35	0.5871212121212122	35	-0.06060606060606055	-0.1212121212121211	0.6477272727272727	-0.06060606060606055
AdaBoost	0.1	15	perkingdom	0.7083333333333333	35	0.5606060606060607	35	0.4507575757575758	35	0.7083333333333334	35	0.6477272727272727	35	0.6022727272727273	35	-0.06060606060606055	-0.10606060606060597	0.6477272727272727	-0.06060606060606055
AdaBoost	0.05	40	perkingdom	0.6060606060606061	35	0.29166666666666663	35	0.5681818181818182	35	0.5681818181818181	35	0.5454545454545455	35	0.49242424242424243	35	-0.06060606060606055	-0.11363636363636365	0.5454545454545455	-0.06060606060606055
AdaBoost	0.1	40	perkingdom	0.6060606060606061	35	0.5568181818181819	35	0.5681818181818182	35	0.5151515151515151	35	0.5454545454545455	35	0.5189393939393939	35	-0.06060606060606055	-0.08712121212121215	0.5454545454545455	-0.06060606060606055
XGBoost	0.15	15	combined	0.8030303030303031	35	0.5757575757575758	35	0.7007575757575757	35	0.7689393939393939	35	0.7234848484848485	35	0.7424242424242424	35	-0.07954545454545459	-0.06060606060606066	0.7424242424242424	-0.06060606060606066
XGBoost	0.2	15	combined	0.8030303030303031	35	0.553030303030303	35	0.7007575757575757	35	0.7689393939393939	35	0.7234848484848485	35	0.7424242424242424	35	-0.07954545454545459	-0.06060606060606066	0.7424242424242424	-0.06060606060606066
XGBoost	0.05	40	combined	0.678030303030303	35	0.3333333333333333	35	0.678030303030303	35	0.5909090909090909	35	0.6136363636363636	35	0.6098484848484849	35	-0.06439393939393934	-0.06818181818181812	0.6136363636363636	-0.06439393939393934
RandomForest	0.05	0	perkingdom	0.6382575757575758	35	0.4602272727272727	35	0.5681818181818182	35	0.6325757575757576	35	0.5738636363636364	35	0.5587121212121212	35	-0.06439393939393945	-0.07954545454545459	0.5738636363636364	-0.06439393939393945
XGBoost	0.05	60	combined	0.6212121212121212	35	0.3333333333333333	35	0.6590909090909091	35	0.6401515151515151	35	0.5568181818181818	35	0.5454545454545455	35	-0.06439393939393945	-0.07575757575757569	0.5568181818181818	-0.06439393939393945
LogReg	0.15	25	perkingdom	0.7916666666666667	35	0.4166666666666667	35	0.45454545454545453	35	0.8181818181818181	35	0.6590909090909092	35	0.7234848484848485	35	-0.13257575757575757	-0.06818181818181823	0.7234848484848485	-0.06818181818181823
RandomForest	0.05	25	combined	0.7367424242424243	35	0.4602272727272727	35	0.5871212121212122	35	0.7196969696969697	35	0.6685606060606061	35	0.6325757575757576	35	-0.06818181818181823	-0.10416666666666674	0.6685606060606061	-0.06818181818181823
RandomForest	0.1	25	combined	0.7367424242424243	35	0.5776515151515152	35	0.5871212121212122	35	0.7083333333333333	35	0.6685606060606061	35	0.6553030303030303	35	-0.06818181818181823	-0.08143939393939403	0.6685606060606061	-0.06818181818181823
RandomForest	0.15	25	combined	0.7367424242424243	35	0.4810606060606061	35	0.5871212121212122	35	0.6761363636363636	35	0.6685606060606061	35	0.6325757575757576	35	-0.06818181818181823	-0.10416666666666674	0.6685606060606061	-0.06818181818181823
RandomForest	0.2	25	combined	0.7367424242424243	35	0.5643939393939394	35	0.5871212121212122	35	0.7386363636363636	35	0.6685606060606061	35	0.6212121212121212	35	-0.06818181818181823	-0.1155303030303031	0.6685606060606061	-0.06818181818181823
AdaBoost	0.15	25	combined	0.7083333333333334	35	0.4734848484848485	35	0.5075757575757576	35	0.7840909090909092	35	0.5568181818181819	35	0.6401515151515151	35	-0.1515151515151515	-0.06818181818181823	0.6401515151515151	-0.06818181818181823
LogReg	0.05	15	perkingdom	0.8560606060606061	35	0.20075757575757575	35	0.3181818181818182	35	0.8484848484848484	35	0.7840909090909092	35	0.7462121212121212	35	-0.0719696969696969	-0.10984848484848486	0.7840909090909092	-0.0719696969696969
LogReg	0.1	15	perkingdom	0.8560606060606061	35	0.4545454545454546	35	0.3181818181818182	35	0.8484848484848485	35	0.7840909090909092	35	0.7575757575757576	35	-0.0719696969696969	-0.09848484848484851	0.7840909090909092	-0.0719696969696969
LogReg	0.15	15	perkingdom	0.8560606060606061	35	0.40151515151515155	35	0.3181818181818182	35	0.8636363636363636	35	0.7840909090909092	35	0.7803030303030303	35	-0.0719696969696969	-0.0757575757575758	0.7840909090909092	-0.0719696969696969
LogReg	0.2	15	perkingdom	0.8560606060606061	35	0.40530303030303033	35	0.3181818181818182	35	0.8636363636363636	35	0.7840909090909092	35	0.7803030303030303	35	-0.0719696969696969	-0.0757575757575758	0.7840909090909092	-0.0719696969696969
XGBoost	0.05	25	combined	0.7651515151515151	35	0.3333333333333333	35	0.5871212121212122	35	0.7613636363636364	35	0.6931818181818182	35	0.678030303030303	35	-0.0719696969696969	-0.08712121212121215	0.6931818181818182	-0.0719696969696969
AdaBoost	0.05	60	combined	0.6477272727272727	35	0.29166666666666663	35	0.5757575757575758	35	0.6136363636363636	35	0.5757575757575757	35	0.48484848484848486	35	-0.07196969696969702	-0.16287878787878785	0.5757575757575757	-0.07196969696969702
XGBoost	0.2	0	perkingdom	0.7007575757575757	35	0.571969696969697	35	0.6098484848484849	35	0.696969696969697	35	0.625	35	0.6174242424242424	35	-0.07575757575757569	-0.08333333333333326	0.625	-0.07575757575757569
LogReg	0.2	25	perkingdom	0.7916666666666667	35	0.5227272727272727	35	0.45454545454545453	35	0.8371212121212122	35	0.6590909090909092	35	0.7159090909090909	35	-0.13257575757575757	-0.0757575757575758	0.7159090909090909	-0.0757575757575758
AdaBoost	0.15	60	perkingdom	0.5643939393939394	35	0.4734848484848485	35	0.5757575757575758	35	0.5946969696969697	35	0.43560606060606066	35	0.48863636363636365	35	-0.12878787878787878	-0.0757575757575758	0.48863636363636365	-0.0757575757575758
XGBoost	0.05	0	perkingdom	0.6325757575757576	35	0.3333333333333333	35	0.625	35	0.6515151515151515	35	0.553030303030303	35	0.5378787878787878	35	-0.07954545454545459	-0.09469696969696972	0.553030303030303	-0.07954545454545459
XGBoost	0.2	60	perkingdom	0.5946969696969697	35	0.571969696969697	35	0.6590909090909091	35	0.5454545454545455	35	0.5037878787878788	35	0.5151515151515151	35	-0.09090909090909094	-0.07954545454545459	0.5151515151515151	-0.07954545454545459
LogReg	0.15	25	combined	0.7916666666666667	35	0.4166666666666667	35	0.45454545454545453	35	0.8409090909090909	35	0.7007575757575758	35	0.7083333333333334	35	-0.09090909090909094	-0.08333333333333337	0.7083333333333334	-0.08333333333333337
LogReg	0.2	25	combined	0.7916666666666667	35	0.5227272727272727	35	0.45454545454545453	35	0.8484848484848485	35	0.7007575757575758	35	0.7083333333333334	35	-0.09090909090909094	-0.08333333333333337	0.7083333333333334	-0.08333333333333337
LogReg	0.05	60	combined	0.7537878787878788	35	0.20075757575757575	35	0.6287878787878788	35	0.6931818181818181	35	0.6704545454545454	35	0.6477272727272727	35	-0.08333333333333337	-0.10606060606060608	0.6704545454545454	-0.08333333333333337
XGBoost	0.15	0	perkingdom	0.6704545454545454	35	0.5037878787878788	35	0.5946969696969697	35	0.6325757575757576	35	0.587121212121212	35	0.5833333333333333	35	-0.08333333333333337	-0.08712121212121215	0.587121212121212	-0.08333333333333337
LogReg	0.05	60	perkingdom	0.7537878787878788	35	0.20075757575757575	35	0.6287878787878788	35	0.7121212121212122	35	0.6666666666666666	35	0.6553030303030303	35	-0.08712121212121215	-0.09848484848484851	0.6666666666666666	-0.08712121212121215
XGBoost	0.15	60	perkingdom	0.5946969696969697	35	0.5037878787878788	35	0.6590909090909091	35	0.5416666666666666	35	0.5037878787878788	35	0.5075757575757576	35	-0.09090909090909094	-0.08712121212121215	0.5075757575757576	-0.08712121212121215
AdaBoost	0.2	0	perkingdom	0.7462121212121211	35	0.5416666666666667	35	0.6287878787878788	35	0.7159090909090909	35	0.6553030303030303	35	0.6060606060606062	35	-0.09090909090909083	-0.14015151515151492	0.6553030303030303	-0.09090909090909083
LogReg	0.1	60	combined	0.7386363636363635	35	0.46212121212121215	35	0.6287878787878788	35	0.678030303030303	35	0.6477272727272727	35	0.625	35	-0.09090909090909083	-0.11363636363636354	0.6477272727272727	-0.09090909090909083
LogReg	0.15	60	combined	0.7386363636363635	35	0.4166666666666667	35	0.6287878787878788	35	0.7159090909090909	35	0.6477272727272727	35	0.6401515151515151	35	-0.09090909090909083	-0.0984848484848484	0.6477272727272727	-0.09090909090909083
LogReg	0.2	60	combined	0.7386363636363635	35	0.5303030303030303	35	0.6287878787878788	35	0.7159090909090908	35	0.6477272727272727	35	0.6325757575757576	35	-0.09090909090909083	-0.10606060606060597	0.6477272727272727	-0.09090909090909083
LogReg	0.05	25	combined	0.7916666666666667	35	0.20075757575757575	35	0.45454545454545453	35	0.7575757575757576	35	0.7007575757575758	35	0.6628787878787878	35	-0.09090909090909094	-0.1287878787878789	0.7007575757575758	-0.09090909090909094
LogReg	0.1	25	combined	0.7916666666666667	35	0.46212121212121215	35	0.45454545454545453	35	0.7878787878787878	35	0.7007575757575758	35	0.6515151515151515	35	-0.09090909090909094	-0.14015151515151525	0.7007575757575758	-0.09090909090909094
LogReg	0.1	0	combined	0.7651515151515151	35	0.46212121212121215	35	0.6666666666666666	35	0.6931818181818181	35	0.6742424242424242	35	0.662878787878788	35	-0.09090909090909094	-0.10227272727272718	0.6742424242424242	-0.09090909090909094
AdaBoost	0.2	25	combined	0.7083333333333334	35	0.5530303030303031	35	0.5075757575757576	35	0.7765151515151515	35	0.5568181818181819	35	0.6174242424242424	35	-0.1515151515151515	-0.09090909090909094	0.6174242424242424	-0.09090909090909094
AdaBoost	0.05	40	combined	0.6060606060606061	35	0.29166666666666663	35	0.5681818181818182	35	0.4393939393939394	35	0.5113636363636364	35	0.5151515151515151	35	-0.09469696969696972	-0.09090909090909094	0.5151515151515151	-0.09090909090909094
LogReg	0.1	60	perkingdom	0.7386363636363635	35	0.46212121212121215	35	0.6287878787878788	35	0.6666666666666666	35	0.6401515151515152	35	0.6098484848484849	35	-0.09848484848484829	-0.12878787878787867	0.6401515151515152	-0.09848484848484829
LogReg	0.15	60	perkingdom	0.7386363636363635	35	0.4166666666666667	35	0.6287878787878788	35	0.7121212121212122	35	0.6401515151515152	35	0.6363636363636364	35	-0.09848484848484829	-0.10227272727272718	0.6401515151515152	-0.09848484848484829
LogReg	0.2	60	perkingdom	0.7386363636363635	35	0.5303030303030303	35	0.6287878787878788	35	0.7121212121212122	35	0.6401515151515152	35	0.6363636363636364	35	-0.09848484848484829	-0.10227272727272718	0.6401515151515152	-0.09848484848484829
LogReg	0.15	15	combined	0.8560606060606061	35	0.40151515151515155	35	0.3181818181818182	35	0.8560606060606061	35	0.7424242424242424	35	0.7575757575757577	35	-0.11363636363636365	-0.0984848484848484	0.7575757575757577	-0.0984848484848484
LogReg	0.2	15	combined	0.8560606060606061	35	0.40530303030303033	35	0.3181818181818182	35	0.8560606060606061	35	0.7424242424242424	35	0.7575757575757577	35	-0.11363636363636365	-0.0984848484848484	0.7575757575757577	-0.0984848484848484
AdaBoost	0.1	0	perkingdom	0.5492424242424243	35	0.5568181818181819	35	0.5454545454545454	35	0.48484848484848486	35	0.43560606060606066	35	0.45075757575757575	35	-0.11363636363636365	-0.09848484848484856	0.45075757575757575	-0.09848484848484856
LogReg	0.1	0	perkingdom	0.7651515151515151	35	0.46212121212121215	35	0.6666666666666666	35	0.696969696969697	35	0.662878787878788	35	0.662878787878788	35	-0.10227272727272718	-0.10227272727272718	0.662878787878788	-0.10227272727272718
LogReg	0.2	0	perkingdom	0.7424242424242424	35	0.5303030303030303	35	0.6439393939393939	35	0.7121212121212122	35	0.6401515151515152	35	0.6325757575757577	35	-0.10227272727272718	-0.10984848484848475	0.6401515151515152	-0.10227272727272718
LogReg	0.05	40	combined	0.8143939393939394	35	0.20075757575757575	35	0.5871212121212122	35	0.803030303030303	35	0.7083333333333334	35	0.6704545454545454	35	-0.10606060606060608	-0.14393939393939403	0.7083333333333334	-0.10606060606060608
LogReg	0.1	40	combined	0.8143939393939394	35	0.46212121212121215	35	0.5871212121212122	35	0.8068181818181819	35	0.7083333333333334	35	0.6628787878787878	35	-0.10606060606060608	-0.1515151515151516	0.7083333333333334	-0.10606060606060608
LogReg	0.15	40	combined	0.8143939393939394	35	0.4166666666666667	35	0.5871212121212122	35	0.8825757575757576	35	0.7083333333333334	35	0.6893939393939394	35	-0.10606060606060608	-0.125	0.7083333333333334	-0.10606060606060608
LogReg	0.2	40	combined	0.8143939393939394	35	0.5303030303030303	35	0.5871212121212122	35	0.8787878787878788	35	0.7083333333333334	35	0.7045454545454546	35	-0.10606060606060608	-0.10984848484848486	0.7083333333333334	-0.10606060606060608
LogReg	0.2	40	perkingdom	0.8143939393939394	35	0.5303030303030303	35	0.5871212121212122	35	0.8371212121212122	35	0.6893939393939394	35	0.7083333333333334	35	-0.125	-0.10606060606060608	0.7083333333333334	-0.10606060606060608
LogReg	0.15	40	perkingdom	0.8143939393939394	35	0.4166666666666667	35	0.5871212121212122	35	0.8257575757575758	35	0.6893939393939394	35	0.7083333333333333	35	-0.125	-0.10606060606060619	0.7083333333333333	-0.10606060606060619
LogReg	0.2	0	combined	0.7424242424242424	35	0.5303030303030303	35	0.6439393939393939	35	0.7159090909090909	35	0.6325757575757577	35	0.6287878787878788	35	-0.10984848484848475	-0.11363636363636365	0.6325757575757577	-0.10984848484848475
LogReg	0.05	15	combined	0.8560606060606061	35	0.20075757575757575	35	0.3181818181818182	35	0.837121212121212	35	0.7424242424242424	35	0.7007575757575757	35	-0.11363636363636365	-0.1553030303030304	0.7424242424242424	-0.11363636363636365
LogReg	0.1	15	combined	0.8560606060606061	35	0.4545454545454546	35	0.3181818181818182	35	0.8409090909090909	35	0.7424242424242424	35	0.7196969696969696	35	-0.11363636363636365	-0.13636363636363646	0.7424242424242424	-0.11363636363636365
AdaBoost	0.05	25	perkingdom	0.7083333333333334	35	0.29166666666666663	35	0.5075757575757576	35	0.6174242424242424	35	0.5946969696969697	35	0.5151515151515151	35	-0.11363636363636365	-0.19318181818181823	0.5946969696969697	-0.11363636363636365
AdaBoost	0.1	25	perkingdom	0.7083333333333334	35	0.5568181818181819	35	0.5075757575757576	35	0.5416666666666667	35	0.5946969696969697	35	0.48863636363636365	35	-0.11363636363636365	-0.21969696969696972	0.5946969696969697	-0.11363636363636365
LogReg	0.05	40	perkingdom	0.8143939393939394	35	0.20075757575757575	35	0.5871212121212122	35	0.7765151515151515	35	0.6893939393939394	35	0.6590909090909091	35	-0.125	-0.1553030303030304	0.6893939393939394	-0.125
LogReg	0.1	40	perkingdom	0.8143939393939394	35	0.46212121212121215	35	0.5871212121212122	35	0.7651515151515151	35	0.6893939393939394	35	0.6666666666666667	35	-0.125	-0.1477272727272727	0.6893939393939394	-0.125
AdaBoost	0.05	0	combined	0.6590909090909091	35	0.29166666666666663	35	0.5454545454545454	35	0.6287878787878788	35	0.5265151515151516	35	0.5340909090909091	35	-0.13257575757575746	-0.125	0.5340909090909091	-0.125
AdaBoost	0.05	60	perkingdom	0.6477272727272727	35	0.29166666666666663	35	0.5757575757575758	35	0.6022727272727273	35	0.5227272727272727	35	0.4924242424242425	35	-0.125	-0.15530303030303022	0.5227272727272727	-0.125
LogReg	0.05	0	perkingdom	0.7689393939393939	35	0.20075757575757575	35	0.6401515151515152	35	0.7234848484848484	35	0.6401515151515152	35	0.6212121212121212	35	-0.12878787878787867	-0.1477272727272727	0.6401515151515152	-0.12878787878787867
AdaBoost	0.1	60	perkingdom	0.5643939393939394	35	0.5568181818181819	35	0.5757575757575758	35	0.5795454545454546	35	0.43560606060606066	35	0.40530303030303033	35	-0.12878787878787878	-0.15909090909090912	0.43560606060606066	-0.12878787878787878
LogReg	0.05	25	perkingdom	0.7916666666666667	35	0.20075757575757575	35	0.45454545454545453	35	0.7651515151515151	35	0.6590909090909092	35	0.6477272727272727	35	-0.13257575757575757	-0.14393939393939403	0.6590909090909092	-0.13257575757575757
LogReg	0.1	25	perkingdom	0.7916666666666667	35	0.46212121212121215	35	0.45454545454545453	35	0.7878787878787878	35	0.6590909090909092	35	0.6363636363636364	35	-0.13257575757575757	-0.1553030303030304	0.6590909090909092	-0.13257575757575757
LogReg	0.05	0	combined	0.7689393939393939	35	0.20075757575757575	35	0.6401515151515152	35	0.7083333333333333	35	0.6325757575757576	35	0.625	35	-0.13636363636363635	-0.14393939393939392	0.6325757575757576	-0.13636363636363635
AdaBoost	0.05	25	combined	0.7083333333333334	35	0.29166666666666663	35	0.5075757575757576	35	0.6666666666666667	35	0.5568181818181819	35	0.571969696969697	35	-0.1515151515151515	-0.13636363636363635	0.571969696969697	-0.13636363636363635
LogReg	0.15	0	combined	0.7575757575757576	35	0.4166666666666667	35	0.5984848484848485	35	0.7272727272727273	35	0.5909090909090908	35	0.5833333333333334	35	-0.16666666666666674	-0.1742424242424242	0.5909090909090908	-0.16666666666666674
LogReg	0.15	0	perkingdom	0.7575757575757576	35	0.4166666666666667	35	0.5984848484848485	35	0.7196969696969697	35	0.5871212121212122	35	0.5871212121212122	35	-0.17045454545454541	-0.17045454545454541	0.5871212121212122	-0.17045454545454541
AdaBoost	0.05	0	perkingdom	0.6590909090909091	35	0.29166666666666663	35	0.5454545454545454	35	0.6060606060606061	35	0.46590909090909094	35	0.446969696969697	35	-0.19318181818181812	-0.21212121212121204	0.46590909090909094	-0.19318181818181812
