pthr	topk	max_features	min_leaf	B	F	V	B+F	B+V	B+V+F	BV_gain	BVF_gain	BV_win_frac	BVF_win_frac	best_multi	multi_gain
0.15	15	sqrt	1	0.7670454545454545	0.5795454545454546	0.6818181818181818	0.7518939393939394	0.7727272727272727	0.7992424242424243	0.005681818181818232	0.032196969696969835	0.6	1.0	0.7992424242424243	0.032196969696969835
0.15	18	sqrt	2	0.787878787878788	0.49242424242424243	0.7196969696969697	0.7462121212121212	0.803030303030303	0.8181818181818181	0.015151515151515027	0.030303030303030165	0.6	1.0	0.8181818181818181	0.030303030303030165
0.2	18	sqrt	1	0.7689393939393939	0.41666666666666674	0.7083333333333334	0.7272727272727273	0.7651515151515151	0.7973484848484849	-0.0037878787878787845	0.02840909090909094	0.8	1.0	0.7973484848484849	0.02840909090909094
0.15	15	sqrt	2	0.7916666666666666	0.5984848484848485	0.7196969696969697	0.7765151515151515	0.7954545454545454	0.8181818181818182	0.0037878787878787845	0.026515151515151603	0.6	1.0	0.8181818181818182	0.026515151515151603
0.15	18	sqrt	1	0.7689393939393939	0.47537878787878785	0.7083333333333334	0.7386363636363635	0.7651515151515151	0.7916666666666666	-0.0037878787878787845	0.022727272727272707	0.8	1.0	0.7916666666666666	0.022727272727272707
0.2	15	sqrt	1	0.7670454545454545	0.5454545454545454	0.6818181818181818	0.7234848484848485	0.7727272727272727	0.7878787878787878	0.005681818181818232	0.02083333333333337	0.6	0.6	0.7878787878787878	0.02083333333333337
0.2	18	0.5	2	0.7954545454545455	0.4242424242424243	0.6856060606060607	0.7727272727272727	0.7992424242424243	0.8143939393939394	0.0037878787878787845	0.018939393939393923	0.8	1.0	0.8143939393939394	0.018939393939393923
0.2	15	sqrt	2	0.7916666666666666	0.5643939393939394	0.7196969696969697	0.7537878787878788	0.7954545454545454	0.8106060606060606	0.0037878787878787845	0.018939393939393923	0.6	1.0	0.8106060606060606	0.018939393939393923
0.2	18	sqrt	2	0.787878787878788	0.446969696969697	0.7196969696969697	0.75	0.803030303030303	0.8068181818181818	0.015151515151515027	0.01893939393939381	0.6	0.8	0.8068181818181818	0.01893939393939381
0.15	18	0.5	2	0.7954545454545455	0.4545454545454546	0.6856060606060607	0.7689393939393939	0.7992424242424243	0.8106060606060607	0.0037878787878787845	0.015151515151515138	0.8	1.0	0.8106060606060607	0.015151515151515138
0.15	15	0.5	2	0.7916666666666666	0.5568181818181819	0.731060606060606	0.7878787878787878	0.7803030303030303	0.8068181818181818	-0.011363636363636354	0.015151515151515138	0.0	1.0	0.8068181818181818	0.015151515151515138
0.15	20	sqrt	2	0.7462121212121212	0.5227272727272727	0.6553030303030303	0.7537878787878788	0.6931818181818182	0.7613636363636364	-0.05303030303030298	0.015151515151515138	0.0	0.8	0.7613636363636364	0.015151515151515138
0.15	20	sqrt	1	0.7386363636363636	0.4981060606060606	0.6268939393939394	0.7670454545454546	0.6856060606060607	0.7537878787878788	-0.05303030303030298	0.015151515151515138	0.0	0.8	0.7537878787878788	0.015151515151515138
0.2	15	0.5	2	0.7916666666666666	0.5227272727272727	0.731060606060606	0.7765151515151515	0.7803030303030303	0.803030303030303	-0.011363636363636354	0.011363636363636354	0.0	0.6	0.803030303030303	0.011363636363636354
0.2	20	sqrt	1	0.7386363636363636	0.5871212121212122	0.6268939393939394	0.7329545454545454	0.6856060606060607	0.75	-0.05303030303030298	0.011363636363636354	0.0	0.6	0.75	0.011363636363636354
0.15	18	0.5	1	0.7916666666666666	0.44318181818181823	0.6931818181818182	0.7689393939393939	0.7803030303030303	0.7992424242424242	-0.011363636363636354	0.007575757575757569	0.2	0.6	0.7992424242424242	0.007575757575757569
0.15	10	sqrt	2	0.8409090909090909	0.537878787878788	0.8030303030303031	0.8181818181818182	0.8333333333333334	0.8446969696969697	-0.007575757575757569	0.0037878787878787845	0.2	0.0	0.8446969696969697	0.0037878787878787845
0.2	10	sqrt	2	0.8409090909090909	0.537878787878788	0.8030303030303031	0.8181818181818182	0.8333333333333334	0.8446969696969697	-0.007575757575757569	0.0037878787878787845	0.2	0.0	0.8446969696969697	0.0037878787878787845
0.2	18	0.5	1	0.7916666666666666	0.39772727272727276	0.6931818181818182	0.7651515151515151	0.7803030303030303	0.7954545454545454	-0.011363636363636354	0.0037878787878787845	0.2	0.8	0.7954545454545454	0.0037878787878787845
0.2	20	sqrt	2	0.7462121212121212	0.5984848484848484	0.6553030303030303	0.7462121212121212	0.6931818181818182	0.75	-0.05303030303030298	0.0037878787878787845	0.0	0.6	0.75	0.0037878787878787845
0.15	15	0.5	1	0.7916666666666667	0.553030303030303	0.6856060606060606	0.787878787878788	0.7916666666666667	0.7840909090909091	0.0	-0.00757575757575768	0.6	1.0	0.7916666666666667	0.0
0.2	15	0.5	1	0.7916666666666667	0.5151515151515151	0.6856060606060606	0.7765151515151515	0.7916666666666667	0.7803030303030303	0.0	-0.011363636363636465	0.6	0.4	0.7916666666666667	0.0
0.15	20	0.5	2	0.7651515151515152	0.4696969696969697	0.6515151515151515	0.7727272727272727	0.7272727272727273	0.7651515151515151	-0.037878787878787956	-1.1102230246251565e-16	0.0	0.6	0.7651515151515151	-1.1102230246251565e-16
0.2	20	0.5	2	0.7651515151515152	0.553030303030303	0.6515151515151515	0.7727272727272727	0.7272727272727273	0.7651515151515151	-0.037878787878787956	-1.1102230246251565e-16	0.0	0.4	0.7651515151515151	-1.1102230246251565e-16
0.15	20	0.5	1	0.7613636363636364	0.46969696969696967	0.6420454545454546	0.7689393939393939	0.7159090909090909	0.7594696969696969	-0.045454545454545414	-0.0018939393939394478	0.0	0.6	0.7594696969696969	-0.0018939393939394478
0.15	12	sqrt	2	0.8371212121212122	0.5833333333333334	0.7537878787878788	0.8030303030303031	0.8143939393939394	0.8295454545454546	-0.022727272727272707	-0.007575757575757569	0.0	0.0	0.8295454545454546	-0.007575757575757569
0.2	12	sqrt	2	0.8371212121212122	0.5833333333333334	0.7537878787878788	0.8030303030303031	0.8143939393939394	0.8295454545454546	-0.022727272727272707	-0.007575757575757569	0.0	0.0	0.8295454545454546	-0.007575757575757569
0.2	20	0.5	1	0.7613636363636364	0.5227272727272727	0.6420454545454546	0.768939393939394	0.7159090909090909	0.7462121212121212	-0.045454545454545414	-0.015151515151515138	0.0	0.6	0.7462121212121212	-0.015151515151515138
0.15	10	sqrt	1	0.8409090909090909	0.5340909090909091	0.7916666666666666	0.7954545454545454	0.8219696969696969	0.8257575757575757	-0.018939393939394034	-0.015151515151515249	0.0	0.0	0.8257575757575757	-0.015151515151515249
0.2	10	sqrt	1	0.8409090909090909	0.5340909090909091	0.7916666666666666	0.7954545454545454	0.8219696969696969	0.8257575757575757	-0.018939393939394034	-0.015151515151515249	0.0	0.0	0.8257575757575757	-0.015151515151515249
0.15	10	0.5	1	0.8560606060606061	0.5378787878787878	0.7992424242424242	0.8257575757575758	0.8333333333333334	0.8257575757575758	-0.022727272727272707	-0.030303030303030276	0.0	0.0	0.8333333333333334	-0.022727272727272707
0.2	10	0.5	1	0.8560606060606061	0.5378787878787878	0.7992424242424242	0.8257575757575758	0.8333333333333334	0.8257575757575758	-0.022727272727272707	-0.030303030303030276	0.0	0.0	0.8333333333333334	-0.022727272727272707
0.15	10	0.5	2	0.8522727272727273	0.5151515151515151	0.803030303030303	0.8295454545454546	0.8295454545454546	0.8295454545454545	-0.022727272727272707	-0.022727272727272818	0.0	0.0	0.8295454545454546	-0.022727272727272707
0.2	10	0.5	2	0.8522727272727273	0.5151515151515151	0.803030303030303	0.8295454545454546	0.8295454545454546	0.8295454545454545	-0.022727272727272707	-0.022727272727272818	0.0	0.0	0.8295454545454546	-0.022727272727272707
0.15	12	0.5	2	0.8484848484848485	0.5643939393939394	0.7765151515151515	0.8181818181818182	0.8181818181818181	0.821969696969697	-0.030303030303030387	-0.02651515151515149	0.0	0.0	0.821969696969697	-0.02651515151515149
0.2	12	0.5	2	0.8484848484848485	0.5643939393939394	0.7765151515151515	0.8181818181818182	0.8181818181818181	0.821969696969697	-0.030303030303030387	-0.02651515151515149	0.0	0.0	0.821969696969697	-0.02651515151515149
0.15	12	0.5	1	0.8522727272727273	0.571969696969697	0.75	0.8143939393939393	0.8238636363636364	0.8181818181818181	-0.02840909090909094	-0.03409090909090917	0.0	0.0	0.8238636363636364	-0.02840909090909094
0.2	12	0.5	1	0.8522727272727273	0.571969696969697	0.75	0.8143939393939393	0.8238636363636364	0.8181818181818181	-0.02840909090909094	-0.03409090909090917	0.0	0.0	0.8238636363636364	-0.02840909090909094
0.15	12	sqrt	1	0.8522727272727273	0.5833333333333334	0.75	0.803030303030303	0.8068181818181818	0.803030303030303	-0.045454545454545525	-0.04924242424242431	0.0	0.0	0.8068181818181818	-0.045454545454545525
0.2	12	sqrt	1	0.8522727272727273	0.5833333333333334	0.75	0.803030303030303	0.8068181818181818	0.803030303030303	-0.045454545454545525	-0.04924242424242431	0.0	0.0	0.8068181818181818	-0.045454545454545525
