feature	mean_abs_shap	mean_signed_shap
s__Haemophilus_D parainfluenzae_N	0.054682855420134215	0.02080150093747585
s__Saccharomycopsis sp. KB-2023a	0.03708197297390545	0.013599337495668443
HROV-vOTU01981	0.035810968169124706	0.013513281009456417
HROV-vOTU41492	0.03380860141842553	0.011422062801296531
HROV-vOTU20811	0.02921309135476401	0.011328095754059677
s__Haemophilus_A paraphrohaemolyticus	0.0269546430816745	0.01033321408726505
s__Bifidobacterium longum	0.024717417707424215	0.007024620112480701
s__Tetrapisispora blattae	0.024276300098970725	0.007456563391249417
s__Haemophilus_D parainfluenzae	0.020733107171567313	0.007648598084895976
HROV-vOTU72475	0.01146187533114773	0.0036829449079009004
s__Haemophilus_D sp900756875	0.01100659749183174	0.003487170670741063
s__Botrytis tulipae	0.010558862257716722	0.004274108577232243
HROV-vOTU07618	0.009745053072309478	0.003211433444400644
s__Streptococcus oralis_Y	0.009602747209121033	0.0032276815500581106
s__Lancefieldella sp000564995	0.009253127991493281	0.003177023786606007
HROV-vOTU03764	0.006860709545645669	0.0027225866146506263
s__Calonectria naviculata	0.006223924881115138	0.0018063310511750696
HROV-vOTU75944	0.005656104157149769	0.0024156929293633216
HROV-vOTU64653	0.004908769923755156	0.002555950195487396
HROV-vOTU70612	0.00454612321965697	0.002298788052036327
s__HROM_Genome_0948	0.0042425263050693395	0.0012334690950391175
s__Zalaria sp. Him3	0.004019071712546865	0.001057235133471237
HROV-vOTU35149	0.0037498622520128326	0.0014855071669016143
HROV-vOTU09867	0.0036283515281388323	0.0017724653458039068
s__[Candida] boidinii	0.00360420917166679	0.0010333932087098882
s__HROM_Genome_3296	0.003565051937751781	0.0015081562240992902
s__Prevotella sp000257925	0.0033416742777642506	0.0010156384720453188
s__Aspergillus jensenii	0.003013012878345312	0.0007762829931690714
s__HROM_Genome_2578	0.0029199297588563037	0.0014195912819981588
s__Rosellinia necatrix	0.0027919920372427966	0.0011752685831801838
HROV-vOTU29861	0.0027043512296197124	0.001437705220282107
HROV-vOTU66954	0.002629332707220694	0.0009217965482521141
s__Cercospora citrullina	0.002600980173752568	0.0010643872698619268
s__Veillonella sp018367495	0.002548347533688827	0.0010723348896634613
s__Aspergillus hortae	0.002534029976607893	0.0012542418167417993
s__Lasiodiplodia sp. KE8409	0.002493663388291243	0.0008328540360006682
s__Kazachstania exigua	0.002465706334716704	0.0010965394103170333
s__Streptococcus cristatus_E	0.0024337947247438465	0.0009343219982332082
HROV-vOTU66335	0.0024231096947259245	0.0009690790242346242
s__Veillonella dispar	0.002318994311194554	0.0007621316244643588
s__Aspergillus fumigatiaffinis	0.002244799277191303	0.0010258328776518433
s__Treponema sp905372265	0.0022442036683377963	0.0011202913702553032
s__Pseudocercospora ulei	0.0022194399387119104	0.0010788391866299633
HROV-vOTU08997	0.002191169569718966	0.0011926882585168177
s__HROM_Genome_2291	0.001678004857312059	0.001112498306259122
s__HROM_Genome_0958	0.0016625215387989474	0.0008993270959348231
s__Metschnikowia sp. MTCC 13085	0.001397585969434666	0.0006584671598973588
s__Veillonella dispar (1)	0.0012675172477148106	0.0006924180939100955
s__Penicillium expansum	0.0012471854537129616	0.000628150222781534
HROV-vOTU46906	0.0011216083257311476	0.0005934214237133896
HROV-vOTU50963	0.0011160219365049968	0.0005259017031590397
HROV-vOTU26732	0.0010315409844411012	0.0005089944130994108
