feature	metadata	value	coef	stderr	pval	qval	holdout
s__Cercospora.citrullina	Responder_Status	Responder	-2.8576957507721	0.83816367941429	0.00199321294975677	0.293998910089123	sample_2022120210046
s__Penicillium.expansum	Responder_Status	Responder	-2.35542812772765	0.748783545971523	0.00390542294328144	0.34537332009403	sample_2022120210046
s__Rosellinia.necatrix	Responder_Status	Responder	-1.2559339377788	0.474842717706989	0.013244257729242	0.465090483287677	sample_2022120210046
s__Kazachstania.exigua	Responder_Status	Responder	-1.25341357223775	0.498396320600152	0.0179265685843267	0.465090483287677	sample_2022120210046
s__Lasiodiplodia.sp..KE8409	Responder_Status	Responder	-2.05769171925607	1.00563496694169	0.0502349311024188	0.596879650259728	sample_2022120210046
s__Aspergillus.fumigatiaffinis	Responder_Status	Responder	-1.45985609799835	0.721272692266575	0.0526063420567896	0.596879650259728	sample_2022120210046
s__Aspergillus.hortae	Responder_Status	Responder	-1.63721126386457	0.889869874055786	0.0764173134035641	0.704531017785881	sample_2022120210046
s__Aspergillus.jensenii	Responder_Status	Responder	-0.63295080719817	0.343585534871188	0.0760612399209481	0.704531017785881	sample_2022120210046
s__Tetrapisispora.blattae	Responder_Status	Responder	0.760863745846804	0.415468828121726	0.0777104951570216	0.705372186809889	sample_2022120210046
s__Metschnikowia.sp..MTCC.13085	Responder_Status	Responder	-0.838945401516669	0.464833305843579	0.0818672856913271	0.712760891430568	sample_2022120210046
s__Botrytis.tulipae	Responder_Status	Responder	0.937469889115428	0.549974337211247	0.0993483876593728	0.717242929657323	sample_2022120210046
s__Saccharomycopsis.sp..KB.2023a	Responder_Status	Responder	1.04084938393612	0.615854043148135	0.102115942527483	0.717242929657323	sample_2022120210046
s__.Candida..boidinii	Responder_Status	Responder	-1.47054390125881	0.840522646513669	0.0911489104428755	0.717242929657323	sample_2022120210046
s__Calonectria.naviculata	Responder_Status	Responder	-1.47459660976227	0.857698405357168	0.0966074732193711	0.717242929657323	sample_2022120210046
s__Trichomonascus.petasosporus	Responder_Status	Responder	-0.807509623138747	0.485046752872269	0.107103558264264	0.722233790849001	sample_2022120210046
s__Alternaria.burnsii	Responder_Status	Responder	-1.9030897308123	1.16061799876945	0.112251884926782	0.722233790849001	sample_2022120210046
s__Pseudocercospora.ulei	Responder_Status	Responder	-0.631483822363616	0.385220751499397	0.112344663819557	0.722233790849001	sample_2022120210046
s__Zalaria.sp..Him3	Responder_Status	Responder	-0.732863877185065	0.456456101418094	0.119593413202708	0.750639508399976	sample_2022120210046
s__Cryptococcus.sp..VH57_BW	Responder_Status	Responder	1.73542257258341	1.20399590505314	0.160567067742941	0.820153138583966	sample_2022120210046
s__Trichoderma.erinaceum	Responder_Status	Responder	1.15330130784809	0.8703527457905	0.195851494904143	0.844619165197364	sample_2022120210046
s__Trichosporon.faecale	Responder_Status	Responder	-0.298650121031824	0.23599480472667	0.216123876315605	0.864219813392823	sample_2022120210046
s__Teratosphaeria.gauchensis	Responder_Status	Responder	-0.61930857053534	0.533586348413668	0.255583452375107	0.866633545409845	sample_2022120210046
s__Lasiodiplodia.sp..KE8368	Responder_Status	Responder	-1.36671007629512	1.10202490581018	0.225201215770685	0.866633545409845	sample_2022120210046
s__Byssoonygena.ceratinophila	Responder_Status	Responder	0.775302363846842	0.651173669146724	0.24379807484701	0.866633545409845	sample_2022120210046
s__Physisporinus.lineatus	Responder_Status	Responder	1.16648474873878	1.00471559931188	0.255440674348359	0.866633545409845	sample_2022120210046
s__Malassezia.arunalokei	Responder_Status	Responder	1.03581164101696	0.840592057289765	0.228106882470142	0.866633545409845	sample_2022120210046
s__Exserohilum.rostratum	Responder_Status	Responder	1.68762886036255	1.34315309458187	0.219328351246334	0.866633545409845	sample_2022120210046
s__Aphanoascus.verrucosus	Responder_Status	Responder	-1.09817404928275	0.939743257449086	0.25242259091527	0.866633545409845	sample_2022120210046
s__Curvularia.sp..ZM96	Responder_Status	Responder	0.5106390931828	0.43032847101577	0.245346080887881	0.866633545409845	sample_2022120210046
s__Wickerhamomyces.ciferrii	Responder_Status	Responder	0.811417261931833	0.706332509485942	0.260368024995853	0.867893416652844	sample_2022120210046
s__Kurtzmaniella.fragi	Responder_Status	Responder	1.05408215058156	0.984749384501921	0.293577065513539	0.886489823348319	sample_2022120210046
s__Albifimbria.verrucaria	Responder_Status	Responder	-0.542964536891093	0.491971120887333	0.279139506192226	0.886489823348319	sample_2022120210046
s__Myriosclerotinia.scirpicola	Responder_Status	Responder	1.17697945853142	1.10585459357231	0.296278057213663	0.886489823348319	sample_2022120210046
s__Xylaria.cf..heliscus	Responder_Status	Responder	-0.404003037639351	0.373000161013943	0.287995641001722	0.886489823348319	sample_2022120210046
s__Exophiala.spinifera	Responder_Status	Responder	-1.06714805166281	1.03104898593618	0.309520175609752	0.886489823348319	sample_2022120210046
s__Ophiosphaerella.herpotricha	Responder_Status	Responder	-0.597431389774036	0.631784642544235	0.352429376668736	0.888530407632486	sample_2022120210046
s__Curvularia.eragrostidis	Responder_Status	Responder	-0.448956472467529	0.460033591247422	0.337460367889192	0.888530407632486	sample_2022120210046
s__Metarhizium.humberi	Responder_Status	Responder	-0.517151257894151	0.519941972130923	0.328433341742819	0.888530407632486	sample_2022120210046
s__Clarireedia.monteithiana	Responder_Status	Responder	-1.08018784911802	1.17732056422018	0.366718213080186	0.888530407632486	sample_2022120210046
s__Morchella.punctipes	Responder_Status	Responder	0.397873636273456	0.445623985455131	0.379549353406837	0.888530407632486	sample_2022120210046
s__Cladosporium.sp..SL.16	Responder_Status	Responder	0.944148768834252	1.03945886200962	0.371467482579268	0.888530407632486	sample_2022120210046
s__Aspergillus.flavus	Responder_Status	Responder	-0.771397045652617	0.82803324710843	0.359506152423132	0.888530407632486	sample_2022120210046
s__Trametes.hirsuta	Responder_Status	Responder	-1.16556774988334	1.2364290320093	0.35390339723731	0.888530407632486	sample_2022120210046
s__Kluyveromyces.marxianus	Responder_Status	Responder	-0.447573276372068	0.440789601544324	0.318614249787245	0.888530407632486	sample_2022120210046
s__Malassezia.pachydermatis	Responder_Status	Responder	-0.482695804771514	0.485752125317843	0.328875473707328	0.888530407632486	sample_2022120210046
s__Aspergillus.texensis	Responder_Status	Responder	1.06825402320998	1.25416949877742	0.401572686671607	0.893989971607655	sample_2022120210046
s__Saccharomyces.boulardii..nom..inval..	Responder_Status	Responder	0.848435807947099	0.989667984562287	0.398561296032747	0.893989971607655	sample_2022120210046
s__Fusarium.staphyleae	Responder_Status	Responder	-0.585772000359104	0.685151435937608	0.399833927140561	0.893989971607655	sample_2022120210046
s__Saccharomyces.cerevisiae	Responder_Status	Responder	0.782864847694474	0.92121397323065	0.402634135150144	0.893989971607655	sample_2022120210046
s__Ophiosphaerella.narmari	Responder_Status	Responder	0.311396915037696	0.502685507030328	0.540617357493186	0.903581419039602	sample_2022120210046
s__Scheffersomyces.stambukii	Responder_Status	Responder	-0.422712179316743	0.545853341185807	0.445181020923504	0.903581419039602	sample_2022120210046
s__Candida.albicans	Responder_Status	Responder	-0.665207093686088	1.0580640144377	0.53463972619917	0.903581419039602	sample_2022120210046
s__.Candida..ascalaphidarum	Responder_Status	Responder	0.521474427986312	0.722232374292203	0.476262405000199	0.903581419039602	sample_2022120210046
s__Wickerhamomyces.pijperi	Responder_Status	Responder	-0.328918749039232	0.451744183861994	0.472592828239672	0.903581419039602	sample_2022120210046
s__Periglandula.ipomoeae	Responder_Status	Responder	-1.01584522286442	1.33799792572897	0.454060978878802	0.903581419039602	sample_2022120210046
s__Trichophyton.mentagrophytes	Responder_Status	Responder	0.882172977806139	1.13934603412906	0.445254319287837	0.903581419039602	sample_2022120210046
s__Clarireedia.paspali	Responder_Status	Responder	-0.593898050413632	0.836744191473208	0.483714649431292	0.903581419039602	sample_2022120210046
s__Ganoderma.multipileum	Responder_Status	Responder	-0.35518416337901	0.527425207233357	0.506194684913476	0.903581419039602	sample_2022120210046
s__Malassezia.cuniculi	Responder_Status	Responder	-0.604730218307171	0.913061748389164	0.513187344303723	0.903581419039602	sample_2022120210046
s__Clarireedia.hainanense	Responder_Status	Responder	0.663306875395927	0.987234645264706	0.50716411498016	0.903581419039602	sample_2022120210046
s__Golubevia.sp..BC0812	Responder_Status	Responder	0.181787342025523	0.289085659154962	0.534553619366962	0.903581419039602	sample_2022120210046
s__Ustanciosporium.gigantosporum	Responder_Status	Responder	0.539831101165928	0.692818233834178	0.44240900212102	0.903581419039602	sample_2022120210046
s__Lasiodiplodia.citricola	Responder_Status	Responder	-0.657153483001858	1.06061179973793	0.540531779167484	0.903581419039602	sample_2022120210046
s__Calvatia.gigantea	Responder_Status	Responder	0.41077219713655	0.61918176894958	0.512492638385757	0.903581419039602	sample_2022120210046
s__Yamadazyma.philogaea	Responder_Status	Responder	0.218290180611456	0.313914385709233	0.492547747934959	0.903581419039602	sample_2022120210046
s__Trichophyton.simii	Responder_Status	Responder	-0.710032802566268	1.03135643887216	0.496837082040627	0.903581419039602	sample_2022120210046
s__Tuber.melosporum	Responder_Status	Responder	0.326025052099596	0.543058727708725	0.553101879367968	0.903961520296679	sample_2022120210046
s__Malassezia.globosa	Responder_Status	Responder	0.67283191341075	1.14549235625396	0.561660033817522	0.913850368121381	sample_2022120210046
s__Xenoacremonium.recifei	Responder_Status	Responder	-0.752027061670429	1.31648756977119	0.572395729793288	0.922714427808852	sample_2022120210046
s__Hymenoscyphus.linearis	Responder_Status	Responder	-0.358248263183473	0.660130347115876	0.591635011684535	0.930981868913532	sample_2022120210046
s__Protomyces.arabidopsidicola	Responder_Status	Responder	-0.760987250909569	1.39425316669412	0.589523982244184	0.930981868913532	sample_2022120210046
s__Pseudozyma.thailandica	Responder_Status	Responder	0.348152947144782	0.671662662828282	0.60828986841129	0.932628706749028	sample_2022120210046
s__Lecanosticta.acicola	Responder_Status	Responder	-0.331552614288376	0.647705938537705	0.612743595533143	0.932628706749028	sample_2022120210046
s__Apiotrichum.porosum	Responder_Status	Responder	0.302111605677027	0.61072327212389	0.624686472906322	0.933528825189519	sample_2022120210046
s__Talaromyces.islandicus	Responder_Status	Responder	-0.231613298431506	0.535542789240239	0.668703020173945	0.959938642098851	sample_2022120210046
s__Atkinsonella.texensis	Responder_Status	Responder	0.13516919089937	0.319031526096293	0.675031941217883	0.962468840856928	sample_2022120210046
s__Diplodia.sapinea	Responder_Status	Responder	-0.241084212306337	0.601531075954741	0.691620897250721	0.973881454362591	sample_2022120210046
s__Oidium.heveae	Responder_Status	Responder	0.42971951270867	1.10347906395727	0.699909844659451	0.978297263339578	sample_2022120210046
s__Fusarium.fracticaudum	Responder_Status	Responder	0.341091636617199	1.11002806256975	0.760902633231239	0.985577737571523	sample_2022120210046
s__Pseudophaeomoniella.oleicola	Responder_Status	Responder	-0.337236885919144	1.06937260416795	0.754827116450606	0.985577737571523	sample_2022120210046
s__Podaxis.sp..AQ645840	Responder_Status	Responder	0.241524432403325	0.718138535157488	0.739137028079298	0.985577737571523	sample_2022120210046
s__Apiotrichum.gamsii	Responder_Status	Responder	0.171830725074172	0.509601389030843	0.738490870009816	0.985577737571523	sample_2022120210046
s__Hymenoscyphus.occultus	Responder_Status	Responder	0.32612195255902	0.993805165300618	0.7452360147526	0.985577737571523	sample_2022120210046
s__Sclerotinia.minor	Responder_Status	Responder	-0.0936249572337269	0.270701541147077	0.732032845952248	0.985577737571523	sample_2022120210046
s__Heterodoassansia.hygrophilae	Responder_Status	Responder	0.154659418387828	0.472714437380422	0.745970490001086	0.985577737571523	sample_2022120210046
s__Mariannaea.elegans	Responder_Status	Responder	-0.239920693402678	0.814949118615034	0.770624173463008	0.985893115057332	sample_2022120210046
s__Coniochaeta.pulveracea	Responder_Status	Responder	-0.108626928670199	0.48431883768086	0.82416179859807	0.988047042209434	sample_2022120210046
s__Xylaria.sp..218_066	Responder_Status	Responder	0.134377486325062	0.952332559575925	0.888798438768166	0.988047042209434	sample_2022120210046
s__Sclerotinia.nivalis	Responder_Status	Responder	-0.0661347228707251	0.481259046965292	0.891682081260768	0.988047042209434	sample_2022120210046
s__Clarireedia.sp..CPB17	Responder_Status	Responder	-0.116939621845365	0.669008551860267	0.86249821734167	0.988047042209434	sample_2022120210046
s__Moesziomyces.parantarcticus	Responder_Status	Responder	0.232929688949909	1.49967028157858	0.877682882141751	0.988047042209434	sample_2022120210046
s__Malassezia.restricta	Responder_Status	Responder	0.116253581819605	0.633399890169408	0.855697787804011	0.988047042209434	sample_2022120210046
s__Dothiorella.sarmentorum	Responder_Status	Responder	0.152876516659498	1.10526415980922	0.890980072042612	0.988047042209434	sample_2022120210046
s__Suhomyces.faveliae	Responder_Status	Responder	0.0823196976169198	0.506282922792997	0.872004128962931	0.988047042209434	sample_2022120210046
s__Aspergillus.spinulosporus	Responder_Status	Responder	-0.116380049561045	0.829686919692705	0.889450997206254	0.988047042209434	sample_2022120210046
s__Epichloe.festucae	Responder_Status	Responder	-0.137545186771918	0.485830086119656	0.779172281134616	0.988047042209434	sample_2022120210046
s__Sphaerostilbella.broomeana	Responder_Status	Responder	0.0470529245039019	0.262513120938967	0.859039790873161	0.988047042209434	sample_2022120210046
s__Fusarium.tuaranense	Responder_Status	Responder	-0.150542851460131	0.828038758386006	0.857044357622605	0.988047042209434	sample_2022120210046
s__Pyricularia.oryzae	Responder_Status	Responder	-0.20644968071702	1.24000424316125	0.868966952757606	0.988047042209434	sample_2022120210046
s__Phaeosphaeria.sp..H6.2b	Responder_Status	Responder	0.267155981594142	0.972761197680698	0.785611571919498	0.988047042209434	sample_2022120210046
s__Teratosphaeria.destructans	Responder_Status	Responder	-0.206779815652836	1.1340061106246	0.856626143139799	0.988047042209434	sample_2022120210046
s__Aureobasidium.sp..P6	Responder_Status	Responder	-0.0831168732169032	0.336583755196957	0.806754276493479	0.988047042209434	sample_2022120210046
s__Fusarium.bulbicola	Responder_Status	Responder	0.266489564169716	1.01328545360624	0.79447961943834	0.988047042209434	sample_2022120210046
s__Botryosphaeria.dothidea	Responder_Status	Responder	-0.178965847031671	0.776098971194677	0.819304731844244	0.988047042209434	sample_2022120210046
s__Claviceps.fusiformis	Responder_Status	Responder	-0.11363816610303	1.04197731571185	0.913932659938824	0.994871345689864	sample_2022120210046
s__Zasmidium.angulare	Responder_Status	Responder	0.0709702564680674	0.763426213062238	0.926595086232724	0.996223052166114	sample_2022120210046
s__Candida.dubliniensis	Responder_Status	Responder	-0.0808739823085806	0.830593386757307	0.923127074802444	0.996223052166114	sample_2022120210046
s__Cercospora.canescens	Responder_Status	Responder	0.089549645958853	0.968563579940719	0.926993992608807	0.996223052166114	sample_2022120210046
s__Lasiodiplodia.theobromae	Responder_Status	Responder	0.0934644417704505	1.11209902211787	0.93362003865197	0.996549318296448	sample_2022120210046
s__Pichia.nakasei	Responder_Status	Responder	-0.0355241833816679	0.788441970335137	0.964382333747953	0.996549318296448	sample_2022120210046
s__Fusarium.concolor	Responder_Status	Responder	-0.0738417655289432	0.852357478314873	0.931580287632273	0.996549318296448	sample_2022120210046
s__Laccaria.trichodermophora	Responder_Status	Responder	-0.0308364063358989	0.488700023765472	0.950136096975932	0.996549318296448	sample_2022120210046
s__Tausonia.pullulans	Responder_Status	Responder	0.0226154480757244	0.551478761799542	0.967579955770007	0.996549318296448	sample_2022120210046
s__Ogataea.ramenticola	Responder_Status	Responder	-0.0191134261648102	0.495778197835879	0.969520842082226	0.996549318296448	sample_2022120210046
s__Aspergillus.sp..HF37	Responder_Status	Responder	0.0316886736531503	1.13343337750776	0.977893869762602	0.997348992038261	sample_2022120210046
s__Alternaria.viburni	Responder_Status	Responder	0.0195509994061476	1.17607849351912	0.986854558027794	0.997348992038261	sample_2022120210046
s__Sarocladium.oryzae	Responder_Status	Responder	-0.00403991827665847	0.675508325967981	0.995270639198412	0.997990613524901	sample_2022120210046
s__Scedosporium.minutisporum	Responder_Status	Responder	0.00186801152763498	0.415876257985461	0.996447965567118	0.997990613524901	sample_2022120210046
