col_index	maaslin_name	original
1	s__Scardovia.inopinata	s__Scardovia inopinata
2	s__Rothia.mucilaginosa	s__Rothia mucilaginosa
3	s__Rothia.mucilaginosa.1	s__Rothia mucilaginosa
4	s__Rothia.mucilaginosa_A	s__Rothia mucilaginosa_A
5	s__Rothia.sp015265375	s__Rothia sp015265375
6	s__Rothia.mucilaginosa.2	s__Rothia mucilaginosa
7	s__Rothia.sp001808955	s__Rothia sp001808955
8	s__Rothia.mucilaginosa.3	s__Rothia mucilaginosa
9	s__Rothia.mucilaginosa_B	s__Rothia mucilaginosa_B
10	s__Rothia.mucilaginosa_B.1	s__Rothia mucilaginosa_B
11	s__Rothia.sp001808955.1	s__Rothia sp001808955
12	s__Rothia.mucilaginosa.4	s__Rothia mucilaginosa
13	s__Rothia.sp001808955.2	s__Rothia sp001808955
14	s__Rothia.sp001808955.3	s__Rothia sp001808955
15	s__Rothia.sp015265375.1	s__Rothia sp015265375
16	s__Rothia.sp001808955.4	s__Rothia sp001808955
17	s__Rothia.mucilaginosa.5	s__Rothia mucilaginosa
18	s__Rothia.mucilaginosa_B.2	s__Rothia mucilaginosa_B
19	s__Rothia.mucilaginosa_B.3	s__Rothia mucilaginosa_B
20	s__HROM_Genome_0036	s__HROM_Genome_0036
21	s__Rothia.mucilaginosa.6	s__Rothia mucilaginosa
22	s__Rothia.mucilaginosa.7	s__Rothia mucilaginosa
23	s__Rothia.sp902373285	s__Rothia sp902373285
24	s__Rothia.sp015265375.2	s__Rothia sp015265375
25	s__Rothia.sp001808955.5	s__Rothia sp001808955
26	s__HROM_Genome_0083	s__HROM_Genome_0083
27	s__Rothia.mucilaginosa.8	s__Rothia mucilaginosa
28	s__Rothia.mucilaginosa.9	s__Rothia mucilaginosa
29	s__Rothia.mucilaginosa.10	s__Rothia mucilaginosa
30	s__Rothia.mucilaginosa_B.4	s__Rothia mucilaginosa_B
31	s__Rothia.mucilaginosa.11	s__Rothia mucilaginosa
32	s__HROM_Genome_0145	s__HROM_Genome_0145
33	s__Rothia.mucilaginosa.12	s__Rothia mucilaginosa
34	s__Rothia.mucilaginosa_B.5	s__Rothia mucilaginosa_B
35	s__Rothia.sp001808955.6	s__Rothia sp001808955
36	s__Rothia.sp001808955.7	s__Rothia sp001808955
37	s__Rothia.mucilaginosa_B.6	s__Rothia mucilaginosa_B
38	s__Rothia.mucilaginosa_B.7	s__Rothia mucilaginosa_B
39	s__Rothia.sp001808955.8	s__Rothia sp001808955
40	s__Rothia.sp001808955.9	s__Rothia sp001808955
41	s__Rothia.dentocariosa	s__Rothia dentocariosa
42	s__Rothia.aeria	s__Rothia aeria
43	s__Micrococcus.luteus	s__Micrococcus luteus
44	s__Scardovia.wiggsiae	s__Scardovia wiggsiae
45	s__Pauljensenia.sp000308055	s__Pauljensenia sp000308055
46	s__Pauljensenia.pyogenes_A	s__Pauljensenia pyogenes_A
47	s__Pauljensenia.sp000758755	s__Pauljensenia sp000758755
48	s__HROM_Genome_0217	s__HROM_Genome_0217
49	s__Pauljensenia.sp000308055.1	s__Pauljensenia sp000308055
50	s__Pauljensenia.marseillensis	s__Pauljensenia marseillensis
51	s__HROM_Genome_0220	s__HROM_Genome_0220
52	s__HROM_Genome_0223	s__HROM_Genome_0223
53	s__HROM_Genome_0224	s__HROM_Genome_0224
54	s__HROM_Genome_0225	s__HROM_Genome_0225
55	s__Pauljensenia.sp900541895	s__Pauljensenia sp900541895
56	s__HROM_Genome_0236	s__HROM_Genome_0236
57	s__Pauljensenia.georgiae	s__Pauljensenia georgiae
58	s__Pauljensenia.hongkongensis	s__Pauljensenia hongkongensis
59	s__Pauljensenia.sp000411415	s__Pauljensenia sp000411415
60	s__Pauljensenia.sp018375675	s__Pauljensenia sp018375675
61	s__Pauljensenia.sp018382595	s__Pauljensenia sp018382595
62	s__HROM_Genome_0247	s__HROM_Genome_0247
63	s__Pauljensenia.sp000278725	s__Pauljensenia sp000278725
64	s__Pauljensenia.sp001838165	s__Pauljensenia sp001838165
65	s__Pauljensenia.odontolytica_A	s__Pauljensenia odontolytica_A
66	s__Pauljensenia.sp902373545	s__Pauljensenia sp902373545
67	s__HROM_Genome_0252	s__HROM_Genome_0252
68	s__HROM_Genome_0253	s__HROM_Genome_0253
69	s__Pauljensenia.sp000466265	s__Pauljensenia sp000466265
70	s__HROM_Genome_0255	s__HROM_Genome_0255
71	s__Pauljensenia.odontolytica_C	s__Pauljensenia odontolytica_C
72	s__HROM_Genome_0257	s__HROM_Genome_0257
73	s__HROM_Genome_0258	s__HROM_Genome_0258
74	s__HROM_Genome_0259	s__HROM_Genome_0259
75	s__HROM_Genome_0261	s__HROM_Genome_0261
76	s__Pauljensenia.sp000466265.1	s__Pauljensenia sp000466265
77	s__Pauljensenia.bouchesdurhonensis	s__Pauljensenia bouchesdurhonensis
78	s__HROM_Genome_0265	s__HROM_Genome_0265
79	s__Pauljensenia.sp000185285	s__Pauljensenia sp000185285
80	s__HROM_Genome_0267	s__HROM_Genome_0267
81	s__Pauljensenia.sp001064145	s__Pauljensenia sp001064145
82	s__Pauljensenia.odontolytica_B	s__Pauljensenia odontolytica_B
83	s__Pauljensenia.sp018382595.1	s__Pauljensenia sp018382595
84	s__Pauljensenia.sp900556405	s__Pauljensenia sp900556405
85	s__Pauljensenia.odontolytica	s__Pauljensenia odontolytica
86	s__Pauljensenia.sp902373435	s__Pauljensenia sp902373435
87	s__HROM_Genome_0285	s__HROM_Genome_0285
88	s__HROM_Genome_0286	s__HROM_Genome_0286
89	s__HROM_Genome_0287	s__HROM_Genome_0287
90	s__Pauljensenia.meyeri	s__Pauljensenia meyeri
91	s__Pauljensenia.cardiffensis	s__Pauljensenia cardiffensis
92	s__Actinomyces.graevenitzii	s__Actinomyces graevenitzii
93	s__HROM_Genome_0303	s__HROM_Genome_0303
94	s__Actinomyces.oricola	s__Actinomyces oricola
95	s__Actinomyces.johnsonii	s__Actinomyces johnsonii
96	s__Actinomyces.oris	s__Actinomyces oris
97	s__Actinomyces.oris_B	s__Actinomyces oris_B
98	s__Actinomyces.oris_C	s__Actinomyces oris_C
99	s__Actinomyces.naeslundii	s__Actinomyces naeslundii
100	s__Actinomyces.oris_D	s__Actinomyces oris_D
101	s__Actinomyces.oris_E	s__Actinomyces oris_E
102	s__Actinomyces.sp002999235	s__Actinomyces sp002999235
103	s__Actinomyces.sp000220835	s__Actinomyces sp000220835
104	s__Actinomyces.dentalis	s__Actinomyces dentalis
105	s__Actinomyces.radicidentis	s__Actinomyces radicidentis
106	s__Actinomyces.israelii	s__Actinomyces israelii
107	s__Actinomyces.sp000195595	s__Actinomyces sp000195595
108	s__Actinomyces.sp900323545	s__Actinomyces sp900323545
109	s__Actinomyces.gerencseriae	s__Actinomyces gerencseriae
110	s__Actinomyces.massiliensis	s__Actinomyces massiliensis
111	s__Actinomyces.sp001278845	s__Actinomyces sp001278845
112	s__Actinomyces.timonensis	s__Actinomyces timonensis
113	s__Bifidobacterium.swidsinskii	s__Bifidobacterium swidsinskii
114	s__Peptidiphaga.sp000466165	s__Peptidiphaga sp000466165
115	s__Peptidiphaga.gingivicola	s__Peptidiphaga gingivicola
116	s__HROM_Genome_0348	s__HROM_Genome_0348
117	s__HROM_Genome_0349	s__HROM_Genome_0349
118	s__Peptidiphaga.sp905373325	s__Peptidiphaga sp905373325
119	s__HROM_Genome_0351	s__HROM_Genome_0351
120	s__Alloscardovia.omnicolens	s__Alloscardovia omnicolens
121	s__Parascardovia.denticolens	s__Parascardovia denticolens
122	s__Bifidobacterium.dentium	s__Bifidobacterium dentium
123	s__Bifidobacterium.longum	s__Bifidobacterium longum
124	s__Corynebacterium.durum	s__Corynebacterium durum
125	s__HROM_Genome_0380	s__HROM_Genome_0380
126	s__Corynebacterium.matruchotii	s__Corynebacterium matruchotii
127	s__HROM_Genome_0382	s__HROM_Genome_0382
128	s__Corynebacterium.argentoratense	s__Corynebacterium argentoratense
129	s__Cutibacterium.acnes	s__Cutibacterium acnes
130	s__Arachnia.propionica	s__Arachnia propionica
131	s__Arachnia.rubra	s__Arachnia rubra
132	s__HROM_Genome_0390	s__HROM_Genome_0390
133	s__Arachnia.sp905372155	s__Arachnia sp905372155
134	s__Arachnia.sp013333945	s__Arachnia sp013333945
135	s__HROM_Genome_0395	s__HROM_Genome_0395
136	s__HROM_Genome_0396	s__HROM_Genome_0396
137	s__Propionibacterium.acidifaciens	s__Propionibacterium acidifaciens
138	s__Cryptobacterium.curtum	s__Cryptobacterium curtum
139	s__Olsenella.uli	s__Olsenella uli
140	s__Olsenella_I.phocaeensis	s__Olsenella_I phocaeensis
141	s__Fannyhessea.vaginae	s__Fannyhessea vaginae
142	s__HROM_Genome_0409	s__HROM_Genome_0409
143	s__Lancefieldella.sp000411555	s__Lancefieldella sp000411555
144	s__Lancefieldella.sp015258605	s__Lancefieldella sp015258605
145	s__Lancefieldella.sp000564995	s__Lancefieldella sp000564995
146	s__Lancefieldella.sp015258485	s__Lancefieldella sp015258485
147	s__Lancefieldella.parvula	s__Lancefieldella parvula
148	s__HROM_Genome_0430	s__HROM_Genome_0430
149	s__HROM_Genome_0434	s__HROM_Genome_0434
150	s__Lancefieldella.sp000564995.1	s__Lancefieldella sp000564995
151	s__Lancefieldella.sp000564995.2	s__Lancefieldella sp000564995
152	s__Lancefieldella.sp000564995.3	s__Lancefieldella sp000564995
153	s__Lancefieldella.sp000564995.4	s__Lancefieldella sp000564995
154	s__HROM_Genome_0455	s__HROM_Genome_0455
155	s__HROM_Genome_0485	s__HROM_Genome_0485
156	s__Lancefieldella.sp015259105	s__Lancefieldella sp015259105
157	s__HROM_Genome_0501	s__HROM_Genome_0501
158	s__Lancefieldella.sp000564995.5	s__Lancefieldella sp000564995
159	s__HROM_Genome_0520	s__HROM_Genome_0520
160	s__Lancefieldella.sp000564995.6	s__Lancefieldella sp000564995
161	s__Lancefieldella.sp000564995.7	s__Lancefieldella sp000564995
162	s__Lancefieldella.sp000564995.8	s__Lancefieldella sp000564995
163	s__HROM_Genome_0622	s__HROM_Genome_0622
164	s__Lancefieldella.sp000564995.9	s__Lancefieldella sp000564995
165	s__Lancefieldella.sp000564995.10	s__Lancefieldella sp000564995
166	s__Lancefieldella.sp902373375	s__Lancefieldella sp902373375
167	s__HROM_Genome_0698	s__HROM_Genome_0698
168	s__Lancefieldella.sp000564995.11	s__Lancefieldella sp000564995
169	s__HROM_Genome_0706	s__HROM_Genome_0706
170	s__HROM_Genome_0711	s__HROM_Genome_0711
171	s__HROM_Genome_0712	s__HROM_Genome_0712
172	s__Lancefieldella.sp000564995.12	s__Lancefieldella sp000564995
173	s__HROM_Genome_0716	s__HROM_Genome_0716
174	s__Lancefieldella.sp000564995.13	s__Lancefieldella sp000564995
175	s__Lancefieldella.sp000564995.14	s__Lancefieldella sp000564995
176	s__HROM_Genome_0722	s__HROM_Genome_0722
177	s__HROM_Genome_0746	s__HROM_Genome_0746
178	s__HROM_Genome_0747	s__HROM_Genome_0747
179	s__HROM_Genome_0748	s__HROM_Genome_0748
180	s__HROM_Genome_0761	s__HROM_Genome_0761
181	s__Lancefieldella.sp000564995.15	s__Lancefieldella sp000564995
182	s__HROM_Genome_0781	s__HROM_Genome_0781
183	s__Lancefieldella.sp000564995.16	s__Lancefieldella sp000564995
184	s__Lancefieldella.sp000564995.17	s__Lancefieldella sp000564995
185	s__HROM_Genome_0795	s__HROM_Genome_0795
186	s__Lancefieldella.sp000564995.18	s__Lancefieldella sp000564995
187	s__Lancefieldella.sp000564995.19	s__Lancefieldella sp000564995
188	s__Lancefieldella.sp000564995.20	s__Lancefieldella sp000564995
189	s__HROM_Genome_0854	s__HROM_Genome_0854
190	s__Lancefieldella.sp000564995.21	s__Lancefieldella sp000564995
191	s__Lancefieldella.sp000564995.22	s__Lancefieldella sp000564995
192	s__HROM_Genome_0875	s__HROM_Genome_0875
193	s__HROM_Genome_0877	s__HROM_Genome_0877
194	s__HROM_Genome_0878	s__HROM_Genome_0878
195	s__HROM_Genome_0885	s__HROM_Genome_0885
196	s__HROM_Genome_0924	s__HROM_Genome_0924
197	s__HROM_Genome_0934	s__HROM_Genome_0934
198	s__HROM_Genome_0948	s__HROM_Genome_0948
199	s__Slackia.exigua	s__Slackia exigua
200	s__Olsenella_F.sp001189515	s__Olsenella_F sp001189515
201	s__HROM_Genome_0958	s__HROM_Genome_0958
202	s__HROM_Genome_0960	s__HROM_Genome_0960
203	s__Olsenella_F.profusa_A	s__Olsenella_F profusa_A
204	s__HROM_Genome_0963	s__HROM_Genome_0963
205	s__Prevotella.sp905372445	s__Prevotella sp905372445
206	s__Prevotella.koreensis	s__Prevotella koreensis
207	s__Prevotella.multisaccharivorax	s__Prevotella multisaccharivorax
208	s__Prevotella.denticola	s__Prevotella denticola
209	s__Prevotella.multiformis	s__Prevotella multiformis
210	s__Prevotella.sp000257925	s__Prevotella sp000257925
211	s__Prevotella.veroralis	s__Prevotella veroralis
212	s__Prevotella.histicola	s__Prevotella histicola
213	s__Prevotella.melaninogenica	s__Prevotella melaninogenica
214	s__Prevotella.melaninogenica_A	s__Prevotella melaninogenica_A
215	s__Prevotella.jejuni	s__Prevotella jejuni
216	s__HROM_Genome_0980	s__HROM_Genome_0980
217	s__HROM_Genome_0982	s__HROM_Genome_0982
218	s__Prevotella.sp000467895	s__Prevotella sp000467895
219	s__Prevotella.fusca	s__Prevotella fusca
220	s__HROM_Genome_0985	s__HROM_Genome_0985
221	s__Prevotella.scopos	s__Prevotella scopos
222	s__Prevotella.nigrescens	s__Prevotella nigrescens
223	s__Prevotella.aurantiaca	s__Prevotella aurantiaca
224	s__Prevotella.pallens	s__Prevotella pallens
225	s__Prevotella.intermedia	s__Prevotella intermedia
226	s__HROM_Genome_1001	s__HROM_Genome_1001
227	s__HROM_Genome_1003	s__HROM_Genome_1003
228	s__Prevotella.nanceiensis	s__Prevotella nanceiensis
229	s__Prevotella.sp000163055	s__Prevotella sp000163055
230	s__Prevotella.sp015256945	s__Prevotella sp015256945
231	s__Prevotella.sp013333285	s__Prevotella sp013333285
232	s__Prevotella.sp013333935	s__Prevotella sp013333935
233	s__HROM_Genome_1009	s__HROM_Genome_1009
234	s__Prevotella.sp003043945	s__Prevotella sp003043945
235	s__HROM_Genome_1014	s__HROM_Genome_1014
236	s__HROM_Genome_1015	s__HROM_Genome_1015
237	s__HROM_Genome_1016	s__HROM_Genome_1016
238	s__Prevotella.baroniae	s__Prevotella baroniae
239	s__Prevotella.seregens	s__Prevotella seregens
240	s__Prevotella.buccae	s__Prevotella buccae
241	s__HROM_Genome_1021	s__HROM_Genome_1021
242	s__Prevotella.sp000599605	s__Prevotella sp000599605
243	s__Prevotella.oulorum	s__Prevotella oulorum
244	s__Prevotella.maculosa	s__Prevotella maculosa
245	s__Prevotella.salivae	s__Prevotella salivae
246	s__Prevotella.oris	s__Prevotella oris
247	s__Prevotella.oralis	s__Prevotella oralis
248	s__HROM_Genome_1030	s__HROM_Genome_1030
249	s__Prevotella.pleuritidis	s__Prevotella pleuritidis
250	s__Prevotella.enoeca	s__Prevotella enoeca
251	s__Prevotella.marshii	s__Prevotella marshii
252	s__Prevotella.micans	s__Prevotella micans
253	s__Alloprevotella.tannerae_A	s__Alloprevotella tannerae_A
254	s__Alloprevotella.tannerae_B	s__Alloprevotella tannerae_B
255	s__Alloprevotella.tannerae	s__Alloprevotella tannerae
256	s__HROM_Genome_1042	s__HROM_Genome_1042
257	s__Alloprevotella.rava	s__Alloprevotella rava
258	s__Alloprevotella.sp000318095	s__Alloprevotella sp000318095
259	s__Alloprevotella.sp015259235	s__Alloprevotella sp015259235
260	s__Alloprevotella.sp900095835	s__Alloprevotella sp900095835
261	s__Alloprevotella.sp905371275	s__Alloprevotella sp905371275
262	s__Alloprevotella.sp003639005	s__Alloprevotella sp003639005
263	s__Alloprevotella.sp905369775	s__Alloprevotella sp905369775
264	s__Alloprevotella.sp015257125	s__Alloprevotella sp015257125
265	s__HROM_Genome_1066	s__HROM_Genome_1066
266	s__Bacteroides_D.sp905373665	s__Bacteroides_D sp905373665
267	s__Bacteroides_D.sp905373475	s__Bacteroides_D sp905373475
268	s__HROM_Genome_1074	s__HROM_Genome_1074
269	s__Bacteroides_D.sp013333835	s__Bacteroides_D sp013333835
270	s__Bacteroides_D.periocalifornicus	s__Bacteroides_D periocalifornicus
271	s__Bacteroides_D.sp013333195	s__Bacteroides_D sp013333195
272	s__F0058.sp000163695	s__F0058 sp000163695
273	s__F0058.sp905372135	s__F0058 sp905372135
274	s__F0058.sp905372605	s__F0058 sp905372605
275	s__Porphyromonas.catoniae	s__Porphyromonas catoniae
276	s__HROM_Genome_1089	s__HROM_Genome_1089
277	s__Porphyromonas.sp905372525	s__Porphyromonas sp905372525
278	s__Porphyromonas.sp018127745	s__Porphyromonas sp018127745
279	s__Porphyromonas.sp000467855	s__Porphyromonas sp000467855
280	s__Porphyromonas.pasteri	s__Porphyromonas pasteri
281	s__HROM_Genome_1101	s__HROM_Genome_1101
282	s__Porphyromonas.gingivalis	s__Porphyromonas gingivalis
283	s__Tannerella.forsythia	s__Tannerella forsythia
284	s__HROM_Genome_1111	s__HROM_Genome_1111
285	s__Tannerella.sp003033925	s__Tannerella sp003033925
286	s__Tannerella.sp002890585	s__Tannerella sp002890585
287	s__HROM_Genome_1115	s__HROM_Genome_1115
288	s__HROM_Genome_1116	s__HROM_Genome_1116
289	s__Prevotella.saccharolytica	s__Prevotella saccharolytica
290	s__HROM_Genome_1125	s__HROM_Genome_1125
291	s__Porphyromonas.endodontalis	s__Porphyromonas endodontalis
292	s__Porphyromonas.sp003640335	s__Porphyromonas sp003640335
293	s__Porphyromonas.sp003640335.1	s__Porphyromonas sp003640335
294	s__Phocaeicola.abscessus	s__Phocaeicola abscessus
295	s__HROM_Genome_1142	s__HROM_Genome_1142
296	s__Prevotella.sp018127805	s__Prevotella sp018127805
297	s__Bacteroides.heparinolyticus	s__Bacteroides heparinolyticus
298	s__Prevotella.shahii	s__Prevotella shahii
299	s__Prevotella.conceptionensis	s__Prevotella conceptionensis
300	s__HROM_Genome_1159	s__HROM_Genome_1159
301	s__Prevotella.loescheii	s__Prevotella loescheii
302	s__HROM_Genome_1162	s__HROM_Genome_1162
303	s__Prevotella.sp905373605	s__Prevotella sp905373605
304	s__HROM_Genome_1174	s__HROM_Genome_1174
305	s__Capnocytophaga.sp000192225	s__Capnocytophaga sp000192225
306	s__HROM_Genome_1185	s__HROM_Genome_1185
307	s__HROM_Genome_1187	s__HROM_Genome_1187
308	s__JABCPE02.sp013333875	s__JABCPE02 sp013333875
309	s__HROM_Genome_1196	s__HROM_Genome_1196
310	s__Bergeyella_A.cardium	s__Bergeyella_A cardium
311	s__HROM_Genome_1209	s__HROM_Genome_1209
312	s__Capnocytophaga.granulosa	s__Capnocytophaga granulosa
313	s__Capnocytophaga.gingivalis	s__Capnocytophaga gingivalis
314	s__HROM_Genome_1212	s__HROM_Genome_1212
315	s__Capnocytophaga.sp000466425	s__Capnocytophaga sp000466425
316	s__HROM_Genome_1214	s__HROM_Genome_1214
317	s__HROM_Genome_1215	s__HROM_Genome_1215
318	s__Capnocytophaga.sp905372595	s__Capnocytophaga sp905372595
319	s__HROM_Genome_1217	s__HROM_Genome_1217
320	s__Capnocytophaga.haemolytica	s__Capnocytophaga haemolytica
321	s__Capnocytophaga.bilenii	s__Capnocytophaga bilenii
322	s__Capnocytophaga.ochracea	s__Capnocytophaga ochracea
323	s__Capnocytophaga.endodontalis	s__Capnocytophaga endodontalis
324	s__Capnocytophaga.leadbetteri	s__Capnocytophaga leadbetteri
325	s__HROM_Genome_1226	s__HROM_Genome_1226
326	s__Capnocytophaga.sputigena	s__Capnocytophaga sputigena
327	s__Campylobacter_A.curvus	s__Campylobacter_A curvus
328	s__Campylobacter_A.concisus_C	s__Campylobacter_A concisus_C
329	s__Campylobacter_A.concisus_O	s__Campylobacter_A concisus_O
330	s__Campylobacter_A.concisus	s__Campylobacter_A concisus
331	s__Campylobacter_A.concisus_Q	s__Campylobacter_A concisus_Q
332	s__Campylobacter_A.concisus_M	s__Campylobacter_A concisus_M
333	s__Campylobacter_A.concisus_Y	s__Campylobacter_A concisus_Y
334	s__Campylobacter_A.concisus_AF	s__Campylobacter_A concisus_AF
335	s__HROM_Genome_1261	s__HROM_Genome_1261
336	s__HROM_Genome_1263	s__HROM_Genome_1263
337	s__HROM_Genome_1264	s__HROM_Genome_1264
338	s__HROM_Genome_1265	s__HROM_Genome_1265
339	s__HROM_Genome_1266	s__HROM_Genome_1266
340	s__HROM_Genome_1267	s__HROM_Genome_1267
341	s__HROM_Genome_1272	s__HROM_Genome_1272
342	s__HROM_Genome_1275	s__HROM_Genome_1275
343	s__HROM_Genome_1277	s__HROM_Genome_1277
344	s__HROM_Genome_1284	s__HROM_Genome_1284
345	s__HROM_Genome_1286	s__HROM_Genome_1286
346	s__Campylobacter_A.concisus_G	s__Campylobacter_A concisus_G
347	s__HROM_Genome_1297	s__HROM_Genome_1297
348	s__HROM_Genome_1312	s__HROM_Genome_1312
349	s__Campylobacter_A.concisus_P	s__Campylobacter_A concisus_P
350	s__HROM_Genome_1316	s__HROM_Genome_1316
351	s__HROM_Genome_1320	s__HROM_Genome_1320
352	s__HROM_Genome_1321	s__HROM_Genome_1321
353	s__HROM_Genome_1329	s__HROM_Genome_1329
354	s__HROM_Genome_1333	s__HROM_Genome_1333
355	s__HROM_Genome_1334	s__HROM_Genome_1334
356	s__HROM_Genome_1338	s__HROM_Genome_1338
357	s__HROM_Genome_1341	s__HROM_Genome_1341
358	s__HROM_Genome_1342	s__HROM_Genome_1342
359	s__HROM_Genome_1346	s__HROM_Genome_1346
360	s__HROM_Genome_1353	s__HROM_Genome_1353
361	s__HROM_Genome_1356	s__HROM_Genome_1356
362	s__HROM_Genome_1358	s__HROM_Genome_1358
363	s__HROM_Genome_1359	s__HROM_Genome_1359
364	s__Campylobacter_A.concisus_C.1	s__Campylobacter_A concisus_C
365	s__HROM_Genome_1368	s__HROM_Genome_1368
366	s__HROM_Genome_1369	s__HROM_Genome_1369
367	s__HROM_Genome_1372	s__HROM_Genome_1372
368	s__HROM_Genome_1381	s__HROM_Genome_1381
369	s__HROM_Genome_1454	s__HROM_Genome_1454
370	s__HROM_Genome_1486	s__HROM_Genome_1486
371	s__Campylobacter_B.gracilis_A	s__Campylobacter_B gracilis_A
372	s__HROM_Genome_1499	s__HROM_Genome_1499
373	s__HROM_Genome_1515	s__HROM_Genome_1515
374	s__Campylobacter_A.rectus	s__Campylobacter_A rectus
375	s__Campylobacter_A.showae_A	s__Campylobacter_A showae_A
376	s__HROM_Genome_1525	s__HROM_Genome_1525
377	s__Campylobacter_A.sp905371695	s__Campylobacter_A sp905371695
378	s__HROM_Genome_1539	s__HROM_Genome_1539
379	s__HROM_Genome_1541	s__HROM_Genome_1541
380	s__HROM_Genome_1542	s__HROM_Genome_1542
381	s__Campylobacter_A.sp905372745	s__Campylobacter_A sp905372745
382	s__Campylobacter_A.sp905372745.1	s__Campylobacter_A sp905372745
383	s__HROM_Genome_1564	s__HROM_Genome_1564
384	s__Campylobacter_A.sp905372745.2	s__Campylobacter_A sp905372745
385	s__Campylobacter_A.sp905372745.3	s__Campylobacter_A sp905372745
386	s__HROM_Genome_1575	s__HROM_Genome_1575
387	s__HROM_Genome_1588	s__HROM_Genome_1588
388	s__HROM_Genome_1602	s__HROM_Genome_1602
389	s__HROM_Genome_1644	s__HROM_Genome_1644
390	s__Flexilinea.sp001717545	s__Flexilinea sp001717545
391	s__HROM_Genome_1646	s__HROM_Genome_1646
392	s__Desulfobulbus.oralis	s__Desulfobulbus oralis
393	s__Desulfomicrobium.orale	s__Desulfomicrobium orale
394	s__Desulfovibrio.sp003860215	s__Desulfovibrio sp003860215
395	s__HROM_Genome_1664	s__HROM_Genome_1664
396	s__HROM_Genome_1665	s__HROM_Genome_1665
397	s__Pseudoramibacter.alactolyticus	s__Pseudoramibacter alactolyticus
398	s__Shuttleworthia.satelles	s__Shuttleworthia satelles
399	s__Butyrivibrio.sp015258065	s__Butyrivibrio sp015258065
400	s__HROM_Genome_1674	s__HROM_Genome_1674
401	s__HROM_Genome_1675	s__HROM_Genome_1675
402	s__Catonella.massiliensis	s__Catonella massiliensis
403	s__HROM_Genome_1679	s__HROM_Genome_1679
404	s__HROM_Genome_1681	s__HROM_Genome_1681
405	s__Catonella.morbi	s__Catonella morbi
406	s__HROM_Genome_1683	s__HROM_Genome_1683
407	s__HROM_Genome_1684	s__HROM_Genome_1684
408	s__HROM_Genome_1688	s__HROM_Genome_1688
409	s__HROM_Genome_1690	s__HROM_Genome_1690
410	s__HROM_Genome_1692	s__HROM_Genome_1692
411	s__HROM_Genome_1696	s__HROM_Genome_1696
412	s__HROM_Genome_1700	s__HROM_Genome_1700
413	s__HROM_Genome_1701	s__HROM_Genome_1701
414	s__HROM_Genome_1702	s__HROM_Genome_1702
415	s__HROM_Genome_1703	s__HROM_Genome_1703
416	s__HROM_Genome_1704	s__HROM_Genome_1704
417	s__Johnsonella.sp905373785	s__Johnsonella sp905373785
418	s__Johnsonella.sp900766185	s__Johnsonella sp900766185
419	s__HROM_Genome_1707	s__HROM_Genome_1707
420	s__Johnsonella.ignava	s__Johnsonella ignava
421	s__HROM_Genome_1709	s__HROM_Genome_1709
422	s__Oribacterium.sp015258095	s__Oribacterium sp015258095
423	s__F0428.sp003043955	s__F0428 sp003043955
424	s__Lachnoanaerobaculum.sp000287675	s__Lachnoanaerobaculum sp000287675
425	s__Lachnoanaerobaculum.orale	s__Lachnoanaerobaculum orale
426	s__Lachnoanaerobaculum.sp000209465	s__Lachnoanaerobaculum sp000209465
427	s__Lachnoanaerobaculum.gingivalis	s__Lachnoanaerobaculum gingivalis
428	s__HROM_Genome_1717	s__HROM_Genome_1717
429	s__Lachnoanaerobaculum.umeaense	s__Lachnoanaerobaculum umeaense
430	s__Lachnoanaerobaculum.saburreum	s__Lachnoanaerobaculum saburreum
431	s__HROM_Genome_1725	s__HROM_Genome_1725
432	s__Acetatifactor.sp900755865	s__Acetatifactor sp900755865
433	s__Oribacterium.parvum	s__Oribacterium parvum
434	s__Oribacterium.sinus	s__Oribacterium sinus
435	s__Oribacterium.sinus.1	s__Oribacterium sinus
436	s__Oribacterium.asaccharolyticum	s__Oribacterium asaccharolyticum
437	s__HROM_Genome_1742	s__HROM_Genome_1742
438	s__HROM_Genome_1746	s__HROM_Genome_1746
439	s__HROM_Genome_1750	s__HROM_Genome_1750
440	s__HROM_Genome_1753	s__HROM_Genome_1753
441	s__HROM_Genome_1757	s__HROM_Genome_1757
442	s__HROM_Genome_1758	s__HROM_Genome_1758
443	s__Oribacterium.sinus.2	s__Oribacterium sinus
444	s__HROM_Genome_1762	s__HROM_Genome_1762
445	s__HROM_Genome_1765	s__HROM_Genome_1765
446	s__HROM_Genome_1766	s__HROM_Genome_1766
447	s__HROM_Genome_1769	s__HROM_Genome_1769
448	s__HROM_Genome_1771	s__HROM_Genome_1771
449	s__HROM_Genome_1775	s__HROM_Genome_1775
450	s__Oribacterium.sinus.3	s__Oribacterium sinus
451	s__Oribacterium.sinus.4	s__Oribacterium sinus
452	s__HROM_Genome_1799	s__HROM_Genome_1799
453	s__HROM_Genome_1804	s__HROM_Genome_1804
454	s__HROM_Genome_1810	s__HROM_Genome_1810
455	s__Oribacterium.sinus.5	s__Oribacterium sinus
456	s__HROM_Genome_1815	s__HROM_Genome_1815
457	s__Oribacterium.sinus.6	s__Oribacterium sinus
458	s__HROM_Genome_1828	s__HROM_Genome_1828
459	s__HROM_Genome_1833	s__HROM_Genome_1833
460	s__HROM_Genome_1836	s__HROM_Genome_1836
461	s__HROM_Genome_1841	s__HROM_Genome_1841
462	s__HROM_Genome_1843	s__HROM_Genome_1843
463	s__Oribacterium.sinus.7	s__Oribacterium sinus
464	s__HROM_Genome_1849	s__HROM_Genome_1849
465	s__HROM_Genome_1853	s__HROM_Genome_1853
466	s__HROM_Genome_1855	s__HROM_Genome_1855
467	s__HROM_Genome_1862	s__HROM_Genome_1862
468	s__UBA4285.sp900542465	s__UBA4285 sp900542465
469	s__W11650.sp002999035	s__W11650 sp002999035
470	s__HROM_Genome_1877	s__HROM_Genome_1877
471	s__HROM_Genome_1878	s__HROM_Genome_1878
472	s__HROM_Genome_1880	s__HROM_Genome_1880
473	s__HROM_Genome_1882	s__HROM_Genome_1882
474	s__Oribacterium.sp000160135	s__Oribacterium sp000160135
475	s__Oribacterium.sp013394775	s__Oribacterium sp013394775
476	s__HROM_Genome_1888	s__HROM_Genome_1888
477	s__Stomatobaculum.longum	s__Stomatobaculum longum
478	s__HROM_Genome_1890	s__HROM_Genome_1890
479	s__Stomatobaculum.longum_A	s__Stomatobaculum longum_A
480	s__HROM_Genome_1892	s__HROM_Genome_1892
481	s__HROM_Genome_1893	s__HROM_Genome_1893
482	s__Stomatobaculum.longum_A.1	s__Stomatobaculum longum_A
483	s__HROM_Genome_1909	s__HROM_Genome_1909
484	s__Mogibacterium.timidum	s__Mogibacterium timidum
485	s__Mogibacterium.diversum	s__Mogibacterium diversum
486	s__HROM_Genome_1912	s__HROM_Genome_1912
487	s__HROM_Genome_1913	s__HROM_Genome_1913
488	s__HROM_Genome_1914	s__HROM_Genome_1914
489	s__HROM_Genome_1915	s__HROM_Genome_1915
490	s__HROM_Genome_1916	s__HROM_Genome_1916
491	s__Mogibacterium.pumilum	s__Mogibacterium pumilum
492	s__HROM_Genome_1919	s__HROM_Genome_1919
493	s__Eubacterium_B.sulci	s__Eubacterium_B sulci
494	s__Eubacterium_B.infirmum	s__Eubacterium_B infirmum
495	s__HROM_Genome_1922	s__HROM_Genome_1922
496	s__HROM_Genome_1923	s__HROM_Genome_1923
497	s__HROM_Genome_1924	s__HROM_Genome_1924
498	s__JABZIP01.sp015258265	s__JABZIP01 sp015258265
499	s__Peptostreptococcus.sp900759325	s__Peptostreptococcus sp900759325
500	s__Peptostreptococcus.stomatis	s__Peptostreptococcus stomatis
501	s__Filifactor.alocis	s__Filifactor alocis
502	s__HROM_Genome_1934	s__HROM_Genome_1934
503	s__HROM_Genome_1937	s__HROM_Genome_1937
504	s__Peptoanaerobacter.yurii	s__Peptoanaerobacter yurii
505	s__HROM_Genome_1939	s__HROM_Genome_1939
506	s__HROM_Genome_1940	s__HROM_Genome_1940
507	s__Peptoanaerobacter.stomatis	s__Peptoanaerobacter stomatis
508	s__Eubacterium_M.brachy	s__Eubacterium_M brachy
509	s__Hornefia.minuta	s__Hornefia minuta
510	s__Hornefia.nodata	s__Hornefia nodata
511	s__Eubacterium_N.saphenum	s__Eubacterium_N saphenum
512	s__CAJPNN01.sp905372035	s__CAJPNN01 sp905372035
513	s__CAG.793.sp013333035	s__CAG-793 sp013333035
514	s__CAG.793.sp013333395	s__CAG-793 sp013333395
515	s__HROM_Genome_1957	s__HROM_Genome_1957
516	s__JABCPO02.sp013333105	s__JABCPO02 sp013333105
517	s__Parvimonas.micra	s__Parvimonas micra
518	s__Parvimonas.sp015257355	s__Parvimonas sp015257355
519	s__Parvimonas.sp000214475	s__Parvimonas sp000214475
520	s__HROM_Genome_1967	s__HROM_Genome_1967
521	s__Parvimonas.sp000223315	s__Parvimonas sp000223315
522	s__W5053.sp000467935	s__W5053 sp000467935
523	s__HROM_Genome_1982	s__HROM_Genome_1982
524	s__HROM_Genome_1983	s__HROM_Genome_1983
525	s__Eggerthia.catenaformis	s__Eggerthia catenaformis
526	s__HROM_Genome_2038	s__HROM_Genome_2038
527	s__HROM_Genome_2039	s__HROM_Genome_2039
528	s__Bulleidia.extructa	s__Bulleidia extructa
529	s__Bulleidia.sp015256775	s__Bulleidia sp015256775
530	s__Bulleidia.sp015256455	s__Bulleidia sp015256455
531	s__Bulleidia.moorei	s__Bulleidia moorei
532	s__HROM_Genome_2044	s__HROM_Genome_2044
533	s__Bulleidia.sp900554555	s__Bulleidia sp900554555
534	s__HROM_Genome_2046	s__HROM_Genome_2046
535	s__HROM_Genome_2048	s__HROM_Genome_2048
536	s__Limosilactobacillus.fermentum	s__Limosilactobacillus fermentum
537	s__Limosilactobacillus.oris	s__Limosilactobacillus oris
538	s__Limosilactobacillus.portuensis	s__Limosilactobacillus portuensis
539	s__Limosilactobacillus.vaginalis	s__Limosilactobacillus vaginalis
540	s__Lactobacillus.delbrueckii	s__Lactobacillus delbrueckii
541	s__Ligilactobacillus.salivarius	s__Ligilactobacillus salivarius
542	s__Lactobacillus.iners	s__Lactobacillus iners
543	s__Lactobacillus.paragasseri	s__Lactobacillus paragasseri
544	s__Lactobacillus.crispatus	s__Lactobacillus crispatus
545	s__Lactobacillus.helveticus	s__Lactobacillus helveticus
546	s__Lactobacillus.acidophilus	s__Lactobacillus acidophilus
547	s__HROM_Genome_2084	s__HROM_Genome_2084
548	s__Lactococcus.cremoris	s__Lactococcus cremoris
549	s__Lactococcus.lactis	s__Lactococcus lactis
550	s__Streptococcus.salivarius	s__Streptococcus salivarius
551	s__Streptococcus.vestibularis	s__Streptococcus vestibularis
552	s__Streptococcus.sp000187445	s__Streptococcus sp000187445
553	s__Streptococcus.thermophilus	s__Streptococcus thermophilus
554	s__HROM_Genome_2092	s__HROM_Genome_2092
555	s__HROM_Genome_2093	s__HROM_Genome_2093
556	s__Streptococcus.rubneri	s__Streptococcus rubneri
557	s__Streptococcus.parasanguinis_B	s__Streptococcus parasanguinis_B
558	s__Streptococcus.parasanguinis	s__Streptococcus parasanguinis
559	s__Streptococcus.xiaochunlingii	s__Streptococcus xiaochunlingii
560	s__Streptococcus.koreensis	s__Streptococcus koreensis
561	s__Streptococcus.lactarius	s__Streptococcus lactarius
562	s__Streptococcus.sp000314795	s__Streptococcus sp000314795
563	s__Streptococcus.sp902363395	s__Streptococcus sp902363395
564	s__HROM_Genome_2105	s__HROM_Genome_2105
565	s__HROM_Genome_2106	s__HROM_Genome_2106
566	s__HROM_Genome_2107	s__HROM_Genome_2107
567	s__HROM_Genome_2109	s__HROM_Genome_2109
568	s__HROM_Genome_2110	s__HROM_Genome_2110
569	s__HROM_Genome_2112	s__HROM_Genome_2112
570	s__Streptococcus.parasanguinis_A	s__Streptococcus parasanguinis_A
571	s__Streptococcus.koreensis.1	s__Streptococcus koreensis
572	s__HROM_Genome_2118	s__HROM_Genome_2118
573	s__HROM_Genome_2120	s__HROM_Genome_2120
574	s__HROM_Genome_2122	s__HROM_Genome_2122
575	s__HROM_Genome_2123	s__HROM_Genome_2123
576	s__HROM_Genome_2124	s__HROM_Genome_2124
577	s__Streptococcus.australis	s__Streptococcus australis
578	s__Streptococcus.mitis_J	s__Streptococcus mitis_J
579	s__Streptococcus.mitis_D	s__Streptococcus mitis_D
580	s__Streptococcus.pseudopneumoniae_M	s__Streptococcus pseudopneumoniae_M
581	s__Streptococcus.halitosis	s__Streptococcus halitosis
582	s__Streptococcus.oralis_BC	s__Streptococcus oralis_BC
583	s__Streptococcus.oralis_AC	s__Streptococcus oralis_AC
584	s__Streptococcus.oralis_BC.1	s__Streptococcus oralis_BC
585	s__Streptococcus.symci	s__Streptococcus symci
586	s__Streptococcus.mitis	s__Streptococcus mitis
587	s__Streptococcus.sp003428885	s__Streptococcus sp003428885
588	s__Streptococcus.oralis_H	s__Streptococcus oralis_H
589	s__Streptococcus.pseudopneumoniae_E	s__Streptococcus pseudopneumoniae_E
590	s__Streptococcus.pneumoniae	s__Streptococcus pneumoniae
591	s__Streptococcus.mitis_K	s__Streptococcus mitis_K
592	s__Streptococcus.sp000259505	s__Streptococcus sp000259505
593	s__Streptococcus.pseudopneumoniae_L	s__Streptococcus pseudopneumoniae_L
594	s__Streptococcus.oralis_W	s__Streptococcus oralis_W
595	s__Streptococcus.oralis	s__Streptococcus oralis
596	s__Streptococcus.oralis.1	s__Streptococcus oralis
597	s__Streptococcus.oralis_G	s__Streptococcus oralis_G
598	s__Streptococcus.oralis_B	s__Streptococcus oralis_B
599	s__Streptococcus.infantis_C	s__Streptococcus infantis_C
600	s__Streptococcus.oralis_BK	s__Streptococcus oralis_BK
601	s__Streptococcus.infantis_F	s__Streptococcus infantis_F
602	s__Streptococcus.oralis_X	s__Streptococcus oralis_X
603	s__Streptococcus.oralis_AB	s__Streptococcus oralis_AB
604	s__Streptococcus.oralis_F	s__Streptococcus oralis_F
605	s__Streptococcus.oralis_C	s__Streptococcus oralis_C
606	s__Streptococcus.oralis_S	s__Streptococcus oralis_S
607	s__Streptococcus.halitosis.1	s__Streptococcus halitosis
608	s__Streptococcus.gwangjuense	s__Streptococcus gwangjuense
609	s__Streptococcus.oralis_BE	s__Streptococcus oralis_BE
610	s__Streptococcus.sp905371745	s__Streptococcus sp905371745
611	s__Streptococcus.oralis_BC.2	s__Streptococcus oralis_BC
612	s__Streptococcus.oralis_G.1	s__Streptococcus oralis_G
613	s__Streptococcus.oralis_J	s__Streptococcus oralis_J
614	s__Streptococcus.oralis_BF	s__Streptococcus oralis_BF
615	s__Streptococcus.oralis_BJ	s__Streptococcus oralis_BJ
616	s__Streptococcus.oralis_BH	s__Streptococcus oralis_BH
617	s__Streptococcus.oralis_BI	s__Streptococcus oralis_BI
618	s__Streptococcus.mitis_AI	s__Streptococcus mitis_AI
619	s__Streptococcus.mitis_AX	s__Streptococcus mitis_AX
620	s__Streptococcus.mitis_BT	s__Streptococcus mitis_BT
621	s__Streptococcus.oralis.2	s__Streptococcus oralis
622	s__Streptococcus.mitis_BM	s__Streptococcus mitis_BM
623	s__Streptococcus.mitis_BS	s__Streptococcus mitis_BS
624	s__HROM_Genome_2178	s__HROM_Genome_2178
625	s__Streptococcus.mitis_BB	s__Streptococcus mitis_BB
626	s__Streptococcus.infantis_H	s__Streptococcus infantis_H
627	s__Streptococcus.infantis_I	s__Streptococcus infantis_I
628	s__HROM_Genome_2183	s__HROM_Genome_2183
629	s__Streptococcus.mitis_BO	s__Streptococcus mitis_BO
630	s__HROM_Genome_2185	s__HROM_Genome_2185
631	s__Streptococcus.mitis_AC	s__Streptococcus mitis_AC
632	s__Streptococcus.mitis_BN	s__Streptococcus mitis_BN
633	s__Streptococcus.mitis_AD	s__Streptococcus mitis_AD
634	s__HROM_Genome_2190	s__HROM_Genome_2190
635	s__HROM_Genome_2191	s__HROM_Genome_2191
636	s__HROM_Genome_2192	s__HROM_Genome_2192
637	s__Streptococcus.mitis_AV	s__Streptococcus mitis_AV
638	s__HROM_Genome_2198	s__HROM_Genome_2198
639	s__HROM_Genome_2199	s__HROM_Genome_2199
640	s__Streptococcus.mitis_N	s__Streptococcus mitis_N
641	s__Streptococcus.mitis_BQ	s__Streptococcus mitis_BQ
642	s__Streptococcus.mitis_AK	s__Streptococcus mitis_AK
643	s__Streptococcus.peroris	s__Streptococcus peroris
644	s__Streptococcus.mitis_BB.1	s__Streptococcus mitis_BB
645	s__Streptococcus.mitis_P	s__Streptococcus mitis_P
646	s__HROM_Genome_2214	s__HROM_Genome_2214
647	s__Streptococcus.oralis.3	s__Streptococcus oralis
648	s__HROM_Genome_2217	s__HROM_Genome_2217
649	s__Streptococcus.mitis_Y	s__Streptococcus mitis_Y
650	s__Streptococcus.pseudopneumoniae_C	s__Streptococcus pseudopneumoniae_C
651	s__HROM_Genome_2221	s__HROM_Genome_2221
652	s__HROM_Genome_2223	s__HROM_Genome_2223
653	s__HROM_Genome_2224	s__HROM_Genome_2224
654	s__Streptococcus.oralis_BD	s__Streptococcus oralis_BD
655	s__HROM_Genome_2228	s__HROM_Genome_2228
656	s__Streptococcus.sp000411475	s__Streptococcus sp000411475
657	s__HROM_Genome_2231	s__HROM_Genome_2231
658	s__HROM_Genome_2232	s__HROM_Genome_2232
659	s__HROM_Genome_2234	s__HROM_Genome_2234
660	s__HROM_Genome_2235	s__HROM_Genome_2235
661	s__Streptococcus.sp000187745	s__Streptococcus sp000187745
662	s__Streptococcus.sp901875575	s__Streptococcus sp901875575
663	s__HROM_Genome_2244	s__HROM_Genome_2244
664	s__HROM_Genome_2245	s__HROM_Genome_2245
665	s__HROM_Genome_2246	s__HROM_Genome_2246
666	s__HROM_Genome_2247	s__HROM_Genome_2247
667	s__Streptococcus.chosunense	s__Streptococcus chosunense
668	s__HROM_Genome_2250	s__HROM_Genome_2250
669	s__Streptococcus.mitis_Q	s__Streptococcus mitis_Q
670	s__HROM_Genome_2255	s__HROM_Genome_2255
671	s__Streptococcus.mitis_Q.1	s__Streptococcus mitis_Q
672	s__HROM_Genome_2259	s__HROM_Genome_2259
673	s__HROM_Genome_2262	s__HROM_Genome_2262
674	s__HROM_Genome_2273	s__HROM_Genome_2273
675	s__HROM_Genome_2274	s__HROM_Genome_2274
676	s__Streptococcus.oralis_C.1	s__Streptococcus oralis_C
677	s__Streptococcus.oralis_Y	s__Streptococcus oralis_Y
678	s__HROM_Genome_2283	s__HROM_Genome_2283
679	s__Streptococcus.oralis_Z	s__Streptococcus oralis_Z
680	s__HROM_Genome_2287	s__HROM_Genome_2287
681	s__HROM_Genome_2291	s__HROM_Genome_2291
682	s__HROM_Genome_2293	s__HROM_Genome_2293
683	s__HROM_Genome_2298	s__HROM_Genome_2298
684	s__Streptococcus.sp905221435	s__Streptococcus sp905221435
685	s__Streptococcus.dentisani	s__Streptococcus dentisani
686	s__Streptococcus.oralis_BM	s__Streptococcus oralis_BM
687	s__HROM_Genome_2309	s__HROM_Genome_2309
688	s__Streptococcus.dentisani.1	s__Streptococcus dentisani
689	s__HROM_Genome_2312	s__HROM_Genome_2312
690	s__Streptococcus.oralis_BA	s__Streptococcus oralis_BA
691	s__HROM_Genome_2315	s__HROM_Genome_2315
692	s__HROM_Genome_2317	s__HROM_Genome_2317
693	s__HROM_Genome_2319	s__HROM_Genome_2319
694	s__HROM_Genome_2320	s__HROM_Genome_2320
695	s__HROM_Genome_2322	s__HROM_Genome_2322
696	s__HROM_Genome_2324	s__HROM_Genome_2324
697	s__HROM_Genome_2325	s__HROM_Genome_2325
698	s__HROM_Genome_2326	s__HROM_Genome_2326
699	s__HROM_Genome_2327	s__HROM_Genome_2327
700	s__Streptococcus.sp900550895	s__Streptococcus sp900550895
701	s__HROM_Genome_2334	s__HROM_Genome_2334
702	s__HROM_Genome_2337	s__HROM_Genome_2337
703	s__Streptococcus.mitis_O	s__Streptococcus mitis_O
704	s__HROM_Genome_2342	s__HROM_Genome_2342
705	s__Streptococcus.timonensis	s__Streptococcus timonensis
706	s__Streptococcus.oralis_AD	s__Streptococcus oralis_AD
707	s__HROM_Genome_2347	s__HROM_Genome_2347
708	s__Streptococcus.mitis_AZ	s__Streptococcus mitis_AZ
709	s__HROM_Genome_2351	s__HROM_Genome_2351
710	s__HROM_Genome_2354	s__HROM_Genome_2354
711	s__HROM_Genome_2355	s__HROM_Genome_2355
712	s__HROM_Genome_2357	s__HROM_Genome_2357
713	s__HROM_Genome_2358	s__HROM_Genome_2358
714	s__Streptococcus.mitis_AH	s__Streptococcus mitis_AH
715	s__HROM_Genome_2360	s__HROM_Genome_2360
716	s__Streptococcus.chosunense.1	s__Streptococcus chosunense
717	s__Streptococcus.mitis_AF	s__Streptococcus mitis_AF
718	s__HROM_Genome_2365	s__HROM_Genome_2365
719	s__HROM_Genome_2371	s__HROM_Genome_2371
720	s__Streptococcus.oralis_N	s__Streptococcus oralis_N
721	s__Streptococcus.infantis_I.1	s__Streptococcus infantis_I
722	s__Streptococcus.oralis_T	s__Streptococcus oralis_T
723	s__Streptococcus.sp905372925	s__Streptococcus sp905372925
724	s__Streptococcus.mitis_BJ	s__Streptococcus mitis_BJ
725	s__Streptococcus.oralis_T.1	s__Streptococcus oralis_T
726	s__Streptococcus.oralis_F.1	s__Streptococcus oralis_F
727	s__HROM_Genome_2386	s__HROM_Genome_2386
728	s__HROM_Genome_2388	s__HROM_Genome_2388
729	s__HROM_Genome_2389	s__HROM_Genome_2389
730	s__HROM_Genome_2392	s__HROM_Genome_2392
731	s__HROM_Genome_2395	s__HROM_Genome_2395
732	s__Streptococcus.mitis_AC.1	s__Streptococcus mitis_AC
733	s__Streptococcus.mitis_E	s__Streptococcus mitis_E
734	s__HROM_Genome_2405	s__HROM_Genome_2405
735	s__HROM_Genome_2406	s__HROM_Genome_2406
736	s__HROM_Genome_2410	s__HROM_Genome_2410
737	s__HROM_Genome_2411	s__HROM_Genome_2411
738	s__Streptococcus.pseudopneumoniae_A	s__Streptococcus pseudopneumoniae_A
739	s__Streptococcus.mitis_I	s__Streptococcus mitis_I
740	s__Streptococcus.sp001808705	s__Streptococcus sp001808705
741	s__Streptococcus.mitis_H	s__Streptococcus mitis_H
742	s__HROM_Genome_2419	s__HROM_Genome_2419
743	s__Streptococcus.sp001808705.1	s__Streptococcus sp001808705
744	s__HROM_Genome_2421	s__HROM_Genome_2421
745	s__HROM_Genome_2422	s__HROM_Genome_2422
746	s__HROM_Genome_2424	s__HROM_Genome_2424
747	s__Streptococcus.mitis_C	s__Streptococcus mitis_C
748	s__Streptococcus.sp001808705.2	s__Streptococcus sp001808705
749	s__HROM_Genome_2428	s__HROM_Genome_2428
750	s__HROM_Genome_2429	s__HROM_Genome_2429
751	s__HROM_Genome_2434	s__HROM_Genome_2434
752	s__HROM_Genome_2435	s__HROM_Genome_2435
753	s__HROM_Genome_2437	s__HROM_Genome_2437
754	s__HROM_Genome_2439	s__HROM_Genome_2439
755	s__Streptococcus.mitis_AZ.1	s__Streptococcus mitis_AZ
756	s__Streptococcus.oralis_BO	s__Streptococcus oralis_BO
757	s__Streptococcus.oralis_Y.1	s__Streptococcus oralis_Y
758	s__HROM_Genome_2443	s__HROM_Genome_2443
759	s__HROM_Genome_2444	s__HROM_Genome_2444
760	s__Streptococcus.oralis_AD.1	s__Streptococcus oralis_AD
761	s__HROM_Genome_2448	s__HROM_Genome_2448
762	s__Streptococcus.oralis_AC.1	s__Streptococcus oralis_AC
763	s__Streptococcus.oralis.4	s__Streptococcus oralis
764	s__HROM_Genome_2454	s__HROM_Genome_2454
765	s__Streptococcus.oralis_Y.2	s__Streptococcus oralis_Y
766	s__HROM_Genome_2458	s__HROM_Genome_2458
767	s__HROM_Genome_2460	s__HROM_Genome_2460
768	s__HROM_Genome_2463	s__HROM_Genome_2463
769	s__HROM_Genome_2464	s__HROM_Genome_2464
770	s__HROM_Genome_2465	s__HROM_Genome_2465
771	s__HROM_Genome_2466	s__HROM_Genome_2466
772	s__HROM_Genome_2467	s__HROM_Genome_2467
773	s__HROM_Genome_2469	s__HROM_Genome_2469
774	s__HROM_Genome_2470	s__HROM_Genome_2470
775	s__Streptococcus.sp000235485	s__Streptococcus sp000235485
776	s__Streptococcus.mitis_AY	s__Streptococcus mitis_AY
777	s__Streptococcus.sp001553685	s__Streptococcus sp001553685
778	s__Streptococcus.sp013394695	s__Streptococcus sp013394695
779	s__Streptococcus.mitis_BD	s__Streptococcus mitis_BD
780	s__Streptococcus.mitis_BI	s__Streptococcus mitis_BI
781	s__Streptococcus.mitis_BC	s__Streptococcus mitis_BC
782	s__Streptococcus.mitis_BK	s__Streptococcus mitis_BK
783	s__HROM_Genome_2482	s__HROM_Genome_2482
784	s__HROM_Genome_2483	s__HROM_Genome_2483
785	s__HROM_Genome_2485	s__HROM_Genome_2485
786	s__HROM_Genome_2491	s__HROM_Genome_2491
787	s__HROM_Genome_2492	s__HROM_Genome_2492
788	s__Streptococcus.intermedius	s__Streptococcus intermedius
789	s__Streptococcus.constellatus	s__Streptococcus constellatus
790	s__Streptococcus.anginosus	s__Streptococcus anginosus
791	s__Streptococcus.anginosus_C	s__Streptococcus anginosus_C
792	s__Streptococcus.sanguinis	s__Streptococcus sanguinis
793	s__Streptococcus.cristatus_C	s__Streptococcus cristatus_C
794	s__Streptococcus.sanguinis_F	s__Streptococcus sanguinis_F
795	s__Streptococcus.sanguinis_C	s__Streptococcus sanguinis_C
796	s__Streptococcus.cristatus	s__Streptococcus cristatus
797	s__Streptococcus.gordonii	s__Streptococcus gordonii
798	s__Streptococcus.cristatus.1	s__Streptococcus cristatus
799	s__Streptococcus.sanguinis_G	s__Streptococcus sanguinis_G
800	s__Streptococcus.cristatus_C.1	s__Streptococcus cristatus_C
801	s__Streptococcus.cristatus_E	s__Streptococcus cristatus_E
802	s__Streptococcus.cristatus_D	s__Streptococcus cristatus_D
803	s__Streptococcus.sanguinis_E	s__Streptococcus sanguinis_E
804	s__Streptococcus.cristatus_F	s__Streptococcus cristatus_F
805	s__Streptococcus.cristatus_B	s__Streptococcus cristatus_B
806	s__Streptococcus.sinensis	s__Streptococcus sinensis
807	s__HROM_Genome_2524	s__HROM_Genome_2524
808	s__HROM_Genome_2527	s__HROM_Genome_2527
809	s__Streptococcus.sp000220065	s__Streptococcus sp000220065
810	s__HROM_Genome_2530	s__HROM_Genome_2530
811	s__HROM_Genome_2531	s__HROM_Genome_2531
812	s__Streptococcus.sp902460355	s__Streptococcus sp902460355
813	s__Streptococcus.sp902460355.1	s__Streptococcus sp902460355
814	s__Streptococcus.sanguinis_A	s__Streptococcus sanguinis_A
815	s__HROM_Genome_2539	s__HROM_Genome_2539
816	s__HROM_Genome_2541	s__HROM_Genome_2541
817	s__HROM_Genome_2544	s__HROM_Genome_2544
818	s__Streptococcus.sobrinus	s__Streptococcus sobrinus
819	s__Streptococcus.dysgalactiae	s__Streptococcus dysgalactiae
820	s__Streptococcus.agalactiae	s__Streptococcus agalactiae
821	s__Streptococcus.mutans	s__Streptococcus mutans
822	s__Abiotrophia.defectiva	s__Abiotrophia defectiva
823	s__Abiotrophia.sp001815865	s__Abiotrophia sp001815865
824	s__HROM_Genome_2562	s__HROM_Genome_2562
825	s__Lactiplantibacillus.plantarum	s__Lactiplantibacillus plantarum
826	s__Granulicatella.elegans	s__Granulicatella elegans
827	s__HROM_Genome_2573	s__HROM_Genome_2573
828	s__HROM_Genome_2574	s__HROM_Genome_2574
829	s__HROM_Genome_2575	s__HROM_Genome_2575
830	s__HROM_Genome_2576	s__HROM_Genome_2576
831	s__Granulicatella.elegans.1	s__Granulicatella elegans
832	s__HROM_Genome_2578	s__HROM_Genome_2578
833	s__HROM_Genome_2582	s__HROM_Genome_2582
834	s__HROM_Genome_2583	s__HROM_Genome_2583
835	s__HROM_Genome_2585	s__HROM_Genome_2585
836	s__Granulicatella.sp001058355	s__Granulicatella sp001058355
837	s__Granulicatella.adiacens	s__Granulicatella adiacens
838	s__HROM_Genome_2591	s__HROM_Genome_2591
839	s__Granulicatella.adiacens_A	s__Granulicatella adiacens_A
840	s__Granulicatella.sp001071995	s__Granulicatella sp001071995
841	s__HROM_Genome_2598	s__HROM_Genome_2598
842	s__HROM_Genome_2600	s__HROM_Genome_2600
843	s__Granulicatella.sp900551535	s__Granulicatella sp900551535
844	s__HROM_Genome_2604	s__HROM_Genome_2604
845	s__Granulicatella.adiacens_A.1	s__Granulicatella adiacens_A
846	s__HROM_Genome_2606	s__HROM_Genome_2606
847	s__HROM_Genome_2617	s__HROM_Genome_2617
848	s__HROM_Genome_2618	s__HROM_Genome_2618
849	s__Granulicatella.sp905371865	s__Granulicatella sp905371865
850	s__HROM_Genome_2622	s__HROM_Genome_2622
851	s__HROM_Genome_2624	s__HROM_Genome_2624
852	s__Lacticaseibacillus.rhamnosus	s__Lacticaseibacillus rhamnosus
853	s__Lacticaseibacillus.paracasei	s__Lacticaseibacillus paracasei
854	s__HROM_Genome_2639	s__HROM_Genome_2639
855	s__Metamycoplasma.orale	s__Metamycoplasma orale
856	s__Metamycoplasma.salivarium	s__Metamycoplasma salivarium
857	s__HROM_Genome_2646	s__HROM_Genome_2646
858	s__HROM_Genome_2654	s__HROM_Genome_2654
859	s__CAJPPJ01.sp905372515	s__CAJPPJ01 sp905372515
860	s__HROM_Genome_2656	s__HROM_Genome_2656
861	s__HROM_Genome_2657	s__HROM_Genome_2657
862	s__HROM_Genome_2658	s__HROM_Genome_2658
863	s__Gemella.morbillorum	s__Gemella morbillorum
864	s__Gemella.sanguinis	s__Gemella sanguinis
865	s__HROM_Genome_2666	s__HROM_Genome_2666
866	s__Gemella.sp900555985	s__Gemella sp900555985
867	s__Gemella.sp900766305	s__Gemella sp900766305
868	s__HROM_Genome_2669	s__HROM_Genome_2669
869	s__Gemella.haemolysans_B	s__Gemella haemolysans_B
870	s__HROM_Genome_2671	s__HROM_Genome_2671
871	s__HROM_Genome_2672	s__HROM_Genome_2672
872	s__HROM_Genome_2673	s__HROM_Genome_2673
873	s__HROM_Genome_2675	s__HROM_Genome_2675
874	s__Gemella.haemolysans_A	s__Gemella haemolysans_A
875	s__HROM_Genome_2678	s__HROM_Genome_2678
876	s__HROM_Genome_2679	s__HROM_Genome_2679
877	s__Gemella.sp002871655	s__Gemella sp002871655
878	s__HROM_Genome_2681	s__HROM_Genome_2681
879	s__HROM_Genome_2682	s__HROM_Genome_2682
880	s__HROM_Genome_2683	s__HROM_Genome_2683
881	s__HROM_Genome_2690	s__HROM_Genome_2690
882	s__HROM_Genome_2691	s__HROM_Genome_2691
883	s__HROM_Genome_2693	s__HROM_Genome_2693
884	s__Staphylococcus.aureus	s__Staphylococcus aureus
885	s__Staphylococcus.epidermidis	s__Staphylococcus epidermidis
886	s__CAJPQU01.sp905373705	s__CAJPQU01 sp905373705
887	s__CAJPQU01.sp905372875	s__CAJPQU01 sp905372875
888	s__HROM_Genome_2711	s__HROM_Genome_2711
889	s__Mitsuokella.sp000469545	s__Mitsuokella sp000469545
890	s__Selenomonas.sp905372355	s__Selenomonas sp905372355
891	s__HROM_Genome_2716	s__HROM_Genome_2716
892	s__Selenomonas.sp905373085	s__Selenomonas sp905373085
893	s__HROM_Genome_2719	s__HROM_Genome_2719
894	s__Centipeda.artemidis	s__Centipeda artemidis
895	s__HROM_Genome_2723	s__HROM_Genome_2723
896	s__Centipeda.sp000318175	s__Centipeda sp000318175
897	s__Centipeda.noxia	s__Centipeda noxia
898	s__Centipeda.sp015265235	s__Centipeda sp015265235
899	s__HROM_Genome_2729	s__HROM_Genome_2729
900	s__Centipeda.sp905372865	s__Centipeda sp905372865
901	s__HROM_Genome_2731	s__HROM_Genome_2731
902	s__Centipeda.massiliensis	s__Centipeda massiliensis
903	s__HROM_Genome_2734	s__HROM_Genome_2734
904	s__Centipeda.flueggei	s__Centipeda flueggei
905	s__Centipeda.felix	s__Centipeda felix
906	s__Centipeda.sp001683335	s__Centipeda sp001683335
907	s__Centipeda.periodontii	s__Centipeda periodontii
908	s__Centipeda.sp000468035	s__Centipeda sp000468035
909	s__HROM_Genome_2741	s__HROM_Genome_2741
910	s__Centipeda.infelix	s__Centipeda infelix
911	s__Centipeda.sp000286455	s__Centipeda sp000286455
912	s__Centipeda.sp001717585	s__Centipeda sp001717585
913	s__HROM_Genome_2747	s__HROM_Genome_2747
914	s__HROM_Genome_2749	s__HROM_Genome_2749
915	s__HROM_Genome_2750	s__HROM_Genome_2750
916	s__Veillonella.sp900550455	s__Veillonella sp900550455
917	s__Veillonella.sp900549805	s__Veillonella sp900549805
918	s__Allisonella.pneumosintes	s__Allisonella pneumosintes
919	s__Dialister.micraerophilus	s__Dialister micraerophilus
920	s__F0422.sp001553345	s__F0422 sp001553345
921	s__HROM_Genome_2759	s__HROM_Genome_2759
922	s__F0422.sp900766245	s__F0422 sp900766245
923	s__F0422.sp003999875	s__F0422 sp003999875
924	s__F0422.sp003992005	s__F0422 sp003992005
925	s__Veillonella.tobetsuensis	s__Veillonella tobetsuensis
926	s__Veillonella.atypica	s__Veillonella atypica
927	s__Veillonella.rogosae	s__Veillonella rogosae
928	s__Veillonella.nakazawae	s__Veillonella nakazawae
929	s__Veillonella.sp002959755	s__Veillonella sp002959755
930	s__Veillonella.parvula_A	s__Veillonella parvula_A
931	s__Veillonella.infantium	s__Veillonella infantium
932	s__Veillonella.dispar	s__Veillonella dispar
933	s__Veillonella.sp902834965	s__Veillonella sp902834965
934	s__Veillonella.dispar.1	s__Veillonella dispar
935	s__Veillonella.sp900552445	s__Veillonella sp900552445
936	s__Veillonella.sp900550175	s__Veillonella sp900550175
937	s__Veillonella.sp018367495	s__Veillonella sp018367495
938	s__HROM_Genome_2826	s__HROM_Genome_2826
939	s__Veillonella.sp900757715	s__Veillonella sp900757715
940	s__HROM_Genome_2831	s__HROM_Genome_2831
941	s__HROM_Genome_2832	s__HROM_Genome_2832
942	s__HROM_Genome_2833	s__HROM_Genome_2833
943	s__Veillonella.sp003463825	s__Veillonella sp003463825
944	s__Veillonella.dispar.2	s__Veillonella dispar
945	s__Veillonella.dispar.3	s__Veillonella dispar
946	s__Veillonella.sp905209685	s__Veillonella sp905209685
947	s__HROM_Genome_2847	s__HROM_Genome_2847
948	s__Anaeroglobus.micronuciformis	s__Anaeroglobus micronuciformis
949	s__Anaeroglobus.geminatus	s__Anaeroglobus geminatus
950	s__Dialister.invisus	s__Dialister invisus
951	s__Leptotrichia.sp013394795	s__Leptotrichia sp013394795
952	s__Leptotrichia.wadei_A	s__Leptotrichia wadei_A
953	s__Leptotrichia.sp018128225	s__Leptotrichia sp018128225
954	s__JABCPH02.sp013333235	s__JABCPH02 sp013333235
955	s__Leptotrichia.sp002240055	s__Leptotrichia sp002240055
956	s__Leptotrichia.hongkongensis	s__Leptotrichia hongkongensis
957	s__Leptotrichia.massiliensis	s__Leptotrichia massiliensis
958	s__Leptotrichia.shahii	s__Leptotrichia shahii
959	s__HROM_Genome_2869	s__HROM_Genome_2869
960	s__Leptotrichia.wadei	s__Leptotrichia wadei
961	s__HROM_Genome_2871	s__HROM_Genome_2871
962	s__HROM_Genome_2872	s__HROM_Genome_2872
963	s__Leptotrichia.hofstadii	s__Leptotrichia hofstadii
964	s__Leptotrichia.buccalis	s__Leptotrichia buccalis
965	s__Leptotrichia.trevisanii	s__Leptotrichia trevisanii
966	s__HROM_Genome_2877	s__HROM_Genome_2877
967	s__Leptotrichia.sp000469385	s__Leptotrichia sp000469385
968	s__Leptotrichia.sp001553645	s__Leptotrichia sp001553645
969	s__Leptotrichia_A.sp000469505	s__Leptotrichia_A sp000469505
970	s__Leptotrichia_A.sp001274535	s__Leptotrichia_A sp001274535
971	s__Leptotrichia_A.sp905371725	s__Leptotrichia_A sp905371725
972	s__HROM_Genome_2884	s__HROM_Genome_2884
973	s__Pseudoleptotrichia.goodfellowii	s__Pseudoleptotrichia goodfellowii
974	s__Fusobacterium.polymorphum	s__Fusobacterium polymorphum
975	s__Fusobacterium.nucleatum_J	s__Fusobacterium nucleatum_J
976	s__Fusobacterium.pseudoperiodonticum	s__Fusobacterium pseudoperiodonticum
977	s__Fusobacterium.nucleatum	s__Fusobacterium nucleatum
978	s__Fusobacterium.animalis	s__Fusobacterium animalis
979	s__Fusobacterium.hwasookii	s__Fusobacterium hwasookii
980	s__Fusobacterium.vincentii	s__Fusobacterium vincentii
981	s__HROM_Genome_2894	s__HROM_Genome_2894
982	s__Fusobacterium.massiliense	s__Fusobacterium massiliense
983	s__Fusobacterium.periodonticum	s__Fusobacterium periodonticum
984	s__Fusobacterium.sp000235465	s__Fusobacterium sp000235465
985	s__HROM_Genome_2902	s__HROM_Genome_2902
986	s__HROM_Genome_2903	s__HROM_Genome_2903
987	s__HROM_Genome_2905	s__HROM_Genome_2905
988	s__HROM_Genome_2910	s__HROM_Genome_2910
989	s__HOT.345.sp003260355	s__HOT-345 sp003260355
990	s__HROM_Genome_2914	s__HROM_Genome_2914
991	s__HROM_Genome_2915	s__HROM_Genome_2915
992	s__HOT.345.sp013333605	s__HOT-345 sp013333605
993	s__HROM_Genome_2919	s__HROM_Genome_2919
994	s__HROM_Genome_2924	s__HROM_Genome_2924
995	s__HOT.345.sp013333295	s__HOT-345 sp013333295
996	s__GN02.873.sp003260345	s__GN02-873 sp003260345
997	s__GN02.873.sp013332525	s__GN02-873 sp013332525
998	s__GN02.872.sp002761215	s__GN02-872 sp002761215
999	s__GN02.872.sp003260325	s__GN02-872 sp003260325
1000	s__HROM_Genome_2937	s__HROM_Genome_2937
1001	s__HROM_Genome_3296	s__HROM_Genome_3296
1002	s__Saccharimonas.sp018127705	s__Saccharimonas sp018127705
1003	s__HROM_Genome_3421	s__HROM_Genome_3421
1004	s__Saccharimonas.sp010202265	s__Saccharimonas sp010202265
1005	s__HROM_Genome_3428	s__HROM_Genome_3428
1006	s__Nanosynbacter.sp900556355	s__Nanosynbacter sp900556355
1007	s__HROM_Genome_3432	s__HROM_Genome_3432
1008	s__HROM_Genome_3434	s__HROM_Genome_3434
1009	s__HROM_Genome_3435	s__HROM_Genome_3435
1010	s__HROM_Genome_3436	s__HROM_Genome_3436
1011	s__HROM_Genome_3437	s__HROM_Genome_3437
1012	s__Nanosynbacter.sp900555885	s__Nanosynbacter sp900555885
1013	s__HROM_Genome_3440	s__HROM_Genome_3440
1014	s__HROM_Genome_3444	s__HROM_Genome_3444
1015	s__HROM_Genome_3445	s__HROM_Genome_3445
1016	s__Nanosynbacter.sp900555885.1	s__Nanosynbacter sp900555885
1017	s__HROM_Genome_3447	s__HROM_Genome_3447
1018	s__Nanosynbacter.sp900555675	s__Nanosynbacter sp900555675
1019	s__HROM_Genome_3455	s__HROM_Genome_3455
1020	s__Nanosynbacter.sp900555425	s__Nanosynbacter sp900555425
1021	s__HROM_Genome_3457	s__HROM_Genome_3457
1022	s__HROM_Genome_3459	s__HROM_Genome_3459
1023	s__HROM_Genome_3460	s__HROM_Genome_3460
1024	s__HROM_Genome_3461	s__HROM_Genome_3461
1025	s__Nanosynbacter.sp900557595	s__Nanosynbacter sp900557595
1026	s__HROM_Genome_3464	s__HROM_Genome_3464
1027	s__HROM_Genome_3465	s__HROM_Genome_3465
1028	s__HROM_Genome_3472	s__HROM_Genome_3472
1029	s__HROM_Genome_3477	s__HROM_Genome_3477
1030	s__HROM_Genome_3479	s__HROM_Genome_3479
1031	s__HROM_Genome_3488	s__HROM_Genome_3488
1032	s__HROM_Genome_3490	s__HROM_Genome_3490
1033	s__HROM_Genome_3494	s__HROM_Genome_3494
1034	s__HROM_Genome_3499	s__HROM_Genome_3499
1035	s__HROM_Genome_3505	s__HROM_Genome_3505
1036	s__HROM_Genome_3509	s__HROM_Genome_3509
1037	s__HROM_Genome_3523	s__HROM_Genome_3523
1038	s__HROM_Genome_3540	s__HROM_Genome_3540
1039	s__HROM_Genome_3564	s__HROM_Genome_3564
1040	s__SDRW01.sp007845485	s__SDRW01 sp007845485
1041	s__HROM_Genome_3578	s__HROM_Genome_3578
1042	s__SDRK01.sp007845205	s__SDRK01 sp007845205
1043	s__Nanogingivalis.gingivitcus	s__Nanogingivalis gingivitcus
1044	s__Nanogingivalis.sp900555945	s__Nanogingivalis sp900555945
1045	s__Nanogingivalis.sp015257795	s__Nanogingivalis sp015257795
1046	s__HROM_Genome_3824	s__HROM_Genome_3824
1047	s__Nanogingivalis.sp013333405	s__Nanogingivalis sp013333405
1048	s__Nanogingivalis.sp900556165	s__Nanogingivalis sp900556165
1049	s__HROM_Genome_3842	s__HROM_Genome_3842
1050	s__Nanogingivalis.sp013333405.1	s__Nanogingivalis sp013333405
1051	s__HROM_Genome_3856	s__HROM_Genome_3856
1052	s__HROM_Genome_3857	s__HROM_Genome_3857
1053	s__Nanosyncoccus.sp015257485	s__Nanosyncoccus sp015257485
1054	s__HROM_Genome_3888	s__HROM_Genome_3888
1055	s__HROM_Genome_3895	s__HROM_Genome_3895
1056	s__HROM_Genome_3898	s__HROM_Genome_3898
1057	s__HROM_Genome_3945	s__HROM_Genome_3945
1058	s__HROM_Genome_3950	s__HROM_Genome_3950
1059	s__HROM_Genome_3966	s__HROM_Genome_3966
1060	s__HROM_Genome_3977	s__HROM_Genome_3977
1061	s__HROM_Genome_3992	s__HROM_Genome_3992
1062	s__HROM_Genome_4008	s__HROM_Genome_4008
1063	s__HROM_Genome_4015	s__HROM_Genome_4015
1064	s__HROM_Genome_4042	s__HROM_Genome_4042
1065	s__HROM_Genome_4057	s__HROM_Genome_4057
1066	s__HROM_Genome_4093	s__HROM_Genome_4093
1067	s__HROM_Genome_4095	s__HROM_Genome_4095
1068	s__HROM_Genome_4164	s__HROM_Genome_4164
1069	s__HROM_Genome_4207	s__HROM_Genome_4207
1070	s__HROM_Genome_4222	s__HROM_Genome_4222
1071	s__HROM_Genome_4230	s__HROM_Genome_4230
1072	s__HROM_Genome_4280	s__HROM_Genome_4280
1073	s__HROM_Genome_4364	s__HROM_Genome_4364
1074	s__HROM_Genome_4367	s__HROM_Genome_4367
1075	s__HROM_Genome_4379	s__HROM_Genome_4379
1076	s__HROM_Genome_4413	s__HROM_Genome_4413
1077	s__HROM_Genome_4420	s__HROM_Genome_4420
1078	s__HROM_Genome_4431	s__HROM_Genome_4431
1079	s__HROM_Genome_4443	s__HROM_Genome_4443
1080	s__HROM_Genome_4450	s__HROM_Genome_4450
1081	s__HROM_Genome_4452	s__HROM_Genome_4452
1082	s__HROM_Genome_4459	s__HROM_Genome_4459
1083	s__HROM_Genome_4460	s__HROM_Genome_4460
1084	s__HROM_Genome_4463	s__HROM_Genome_4463
1085	s__HROM_Genome_4477	s__HROM_Genome_4477
1086	s__Nanosyncoccus.sp013332965	s__Nanosyncoccus sp013332965
1087	s__Nanosyncoccus.nanoralicus	s__Nanosyncoccus nanoralicus
1088	s__HROM_Genome_4481	s__HROM_Genome_4481
1089	s__Nanosyncoccus.nanoralicus.1	s__Nanosyncoccus nanoralicus
1090	s__Nanosyncoccus.sp013332965.1	s__Nanosyncoccus sp013332965
1091	s__HROM_Genome_4498	s__HROM_Genome_4498
1092	s__HROM_Genome_4502	s__HROM_Genome_4502
1093	s__HROM_Genome_4507	s__HROM_Genome_4507
1094	s__Nanosyncoccus.sp905372495	s__Nanosyncoccus sp905372495
1095	s__Nanosyncoccus.nanoralicus.2	s__Nanosyncoccus nanoralicus
1096	s__HROM_Genome_4551	s__HROM_Genome_4551
1097	s__Nanosyncoccus.sp013332965.2	s__Nanosyncoccus sp013332965
1098	s__HROM_Genome_4774	s__HROM_Genome_4774
1099	s__HROM_Genome_4779	s__HROM_Genome_4779
1100	s__Kingella.kingae	s__Kingella kingae
1101	s__Simonsiella.muelleri	s__Simonsiella muelleri
1102	s__HROM_Genome_4817	s__HROM_Genome_4817
1103	s__HROM_Genome_4818	s__HROM_Genome_4818
1104	s__Neisseria.sp000186165	s__Neisseria sp000186165
1105	s__Neisseria.subflava_C	s__Neisseria subflava_C
1106	s__Neisseria.sicca_A	s__Neisseria sicca_A
1107	s__HROM_Genome_4825	s__HROM_Genome_4825
1108	s__Neisseria.mucosa_A	s__Neisseria mucosa_A
1109	s__Neisseria.polysaccharea	s__Neisseria polysaccharea
1110	s__Neisseria.sp000090875	s__Neisseria sp000090875
1111	s__Neisseria.elongata	s__Neisseria elongata
1112	s__Neisseria.cinerea	s__Neisseria cinerea
1113	s__Neisseria.flavescens	s__Neisseria flavescens
1114	s__Eikenella.corrodens	s__Eikenella corrodens
1115	s__Eikenella.corrodens_B	s__Eikenella corrodens_B
1116	s__Eikenella.halliae	s__Eikenella halliae
1117	s__HROM_Genome_4842	s__HROM_Genome_4842
1118	s__Neisseria.sp002237445	s__Neisseria sp002237445
1119	s__CAJPNX01.sp905372165	s__CAJPNX01 sp905372165
1120	s__Neisseria.bacilliformis	s__Neisseria bacilliformis
1121	s__HROM_Genome_4852	s__HROM_Genome_4852
1122	s__HROM_Genome_4854	s__HROM_Genome_4854
1123	s__Kingella_A.denitrificans	s__Kingella_A denitrificans
1124	s__HROM_Genome_4856	s__HROM_Genome_4856
1125	s__Kingella_B.oralis	s__Kingella_B oralis
1126	s__HROM_Genome_4858	s__HROM_Genome_4858
1127	s__HROM_Genome_4859	s__HROM_Genome_4859
1128	s__HROM_Genome_4862	s__HROM_Genome_4862
1129	s__HROM_Genome_4863	s__HROM_Genome_4863
1130	s__HROM_Genome_4870	s__HROM_Genome_4870
1131	s__HROM_Genome_4872	s__HROM_Genome_4872
1132	s__HROM_Genome_4887	s__HROM_Genome_4887
1133	s__Lautropia.mirabilis	s__Lautropia mirabilis
1134	s__Lautropia.dentalis	s__Lautropia dentalis
1135	s__HROM_Genome_4895	s__HROM_Genome_4895
1136	s__HROM_Genome_4896	s__HROM_Genome_4896
1137	s__Ottowia.sp001262075	s__Ottowia sp001262075
1138	s__HROM_Genome_4908	s__HROM_Genome_4908
1139	s__Cardiobacterium.hominis	s__Cardiobacterium hominis
1140	s__HROM_Genome_4910	s__HROM_Genome_4910
1141	s__HROM_Genome_4912	s__HROM_Genome_4912
1142	s__HROM_Genome_4915	s__HROM_Genome_4915
1143	s__Cardiobacterium.valvarum	s__Cardiobacterium valvarum
1144	s__Haemophilus_A.sputorum	s__Haemophilus_A sputorum
1145	s__Haemophilus_A.parahaemolyticus	s__Haemophilus_A parahaemolyticus
1146	s__Haemophilus_A.paraphrohaemolyticus	s__Haemophilus_A paraphrohaemolyticus
1147	s__Haemophilus_D.pittmaniae	s__Haemophilus_D pittmaniae
1148	s__Haemophilus_D.parainfluenzae	s__Haemophilus_D parainfluenzae
1149	s__Haemophilus_D.parainfluenzae_L	s__Haemophilus_D parainfluenzae_L
1150	s__Haemophilus_D.sp001815355	s__Haemophilus_D sp001815355
1151	s__Haemophilus.aegyptius	s__Haemophilus aegyptius
1152	s__Haemophilus_D.parainfluenzae_J	s__Haemophilus_D parainfluenzae_J
1153	s__Haemophilus_D.sp900756875	s__Haemophilus_D sp900756875
1154	s__HROM_Genome_4940	s__HROM_Genome_4940
1155	s__HROM_Genome_4942	s__HROM_Genome_4942
1156	s__Haemophilus.seminalis	s__Haemophilus seminalis
1157	s__Haemophilus_D.parainfluenzae_M	s__Haemophilus_D parainfluenzae_M
1158	s__Haemophilus_D.parainfluenzae_N	s__Haemophilus_D parainfluenzae_N
1159	s__Haemophilus.haemolyticus	s__Haemophilus haemolyticus
1160	s__Haemophilus_D.parainfluenzae_L.1	s__Haemophilus_D parainfluenzae_L
1161	s__Haemophilus_D.sp905215245	s__Haemophilus_D sp905215245
1162	s__Haemophilus_D.parainfluenzae_K	s__Haemophilus_D parainfluenzae_K
1163	s__Rodentibacter.sp901420285	s__Rodentibacter sp901420285
1164	s__HROM_Genome_4958	s__HROM_Genome_4958
1165	s__Mesocricetibacter.sp905373425	s__Mesocricetibacter sp905373425
1166	s__Aggregatibacter.actinomycetemcomitans	s__Aggregatibacter actinomycetemcomitans
1167	s__Aggregatibacter.aphrophilus	s__Aggregatibacter aphrophilus
1168	s__Aggregatibacter.segnis	s__Aggregatibacter segnis
1169	s__Aggregatibacter.kilianii	s__Aggregatibacter kilianii
1170	s__Aggregatibacter.segnis_A	s__Aggregatibacter segnis_A
1171	s__Aggregatibacter.sp000466335	s__Aggregatibacter sp000466335
1172	s__HROM_Genome_4966	s__HROM_Genome_4966
1173	s__HROM_Genome_4990	s__HROM_Genome_4990
1174	s__Moraxella_A.cinereus	s__Moraxella_A cinereus
1175	s__Xanthomonas.campestris	s__Xanthomonas campestris
1176	s__HROM_Genome_5020	s__HROM_Genome_5020
1177	s__HROM_Genome_5023	s__HROM_Genome_5023
1178	s__Treponema_B.denticola	s__Treponema_B denticola
1179	s__HROM_Genome_5027	s__HROM_Genome_5027
1180	s__Treponema_B.sp905372345	s__Treponema_B sp905372345
1181	s__HROM_Genome_5029	s__HROM_Genome_5029
1182	s__Treponema.sp905372265	s__Treponema sp905372265
1183	s__HROM_Genome_5035	s__HROM_Genome_5035
1184	s__Treponema.sp010365865	s__Treponema sp010365865
1185	s__Treponema.medium	s__Treponema medium
1186	s__Treponema.sp018336815	s__Treponema sp018336815
1187	s__HROM_Genome_5041	s__HROM_Genome_5041
1188	s__HROM_Genome_5042	s__HROM_Genome_5042
1189	s__HROM_Genome_5043	s__HROM_Genome_5043
1190	s__HROM_Genome_5044	s__HROM_Genome_5044
1191	s__Treponema.sp905373565	s__Treponema sp905373565
1192	s__HROM_Genome_5046	s__HROM_Genome_5046
1193	s__HROM_Genome_5047	s__HROM_Genome_5047
1194	s__HROM_Genome_5049	s__HROM_Genome_5049
1195	s__Treponema.sp000775995	s__Treponema sp000775995
1196	s__Treponema.vincentii	s__Treponema vincentii
1197	s__HROM_Genome_5053	s__HROM_Genome_5053
1198	s__Treponema_D.sp905372235	s__Treponema_D sp905372235
1199	s__HROM_Genome_5066	s__HROM_Genome_5066
1200	s__HROM_Genome_5067	s__HROM_Genome_5067
1201	s__HROM_Genome_5068	s__HROM_Genome_5068
1202	s__Treponema_D.sp014334335	s__Treponema_D sp014334335
1203	s__HROM_Genome_5071	s__HROM_Genome_5071
1204	s__Treponema_C.lecithinolyticum	s__Treponema_C lecithinolyticum
1205	s__Treponema_C.sp905372025	s__Treponema_C sp905372025
1206	s__Treponema_C.maltophilum	s__Treponema_C maltophilum
1207	s__Treponema_D.parvum	s__Treponema_D parvum
1208	s__Treponema_D.sp014334325	s__Treponema_D sp014334325
1209	s__Treponema_D.buccale	s__Treponema_D buccale
1210	s__HROM_Genome_5082	s__HROM_Genome_5082
1211	s__Treponema_D.socranskii	s__Treponema_D socranskii
1212	s__HROM_Genome_5084	s__HROM_Genome_5084
1213	s__HROM_Genome_5091	s__HROM_Genome_5091
1214	s__HROM_Genome_5095	s__HROM_Genome_5095
1215	s__HROM_Genome_5096	s__HROM_Genome_5096
1216	s__HROM_Genome_5100	s__HROM_Genome_5100
1217	s__Fretibacterium.fastidiosum	s__Fretibacterium fastidiosum
1218	s__HROM_Genome_5102	s__HROM_Genome_5102
1219	s__HROM_Genome_5103	s__HROM_Genome_5103
1220	s__CAJPSE01.sp905373185	s__CAJPSE01 sp905373185
1221	s__HROM_Genome_5105	s__HROM_Genome_5105
1222	s__HROM_Genome_5106	s__HROM_Genome_5106
1223	s__Pyramidobacter.piscolens	s__Pyramidobacter piscolens
