saliva swab	s__Ophiosphaerella narmari	s__Ophiosphaerella herpotricha	s__Curvularia eragrostidis	s__Zasmidium angulare	s__Cercospora citrullina	s__Teratosphaeria gauchensis	s__Lasiodiplodia theobromae	s__Lasiodiplodia sp. KE8409	s__Lasiodiplodia sp. KE8368	s__Diplodia sapinea	s__Scheffersomyces stambukii	s__Candida albicans	s__[Candida] ascalaphidarum	s__Kurtzmaniella fragi	s__Pichia nakasei	s__Wickerhamomyces pijperi	s__Fusarium fracticaudum	s__Fusarium concolor	s__Mariannaea elegans	s__Periglandula ipomoeae	s__Metarhizium humberi	s__Albifimbria verrucaria	s__Coniochaeta pulveracea	s__Rosellinia necatrix	s__Xylaria sp. 218_066	s__Aspergillus hortae	s__Aspergillus fumigatiaffinis	s__Aspergillus sp. HF37	s__Aspergillus jensenii	s__Penicillium expansum	s__Talaromyces islandicus	s__Byssoonygena ceratinophila	s__Trichophyton mentagrophytes	s__Pseudophaeomoniella oleicola	s__Sclerotinia nivalis	s__Clarireedia sp. CPB17	s__Clarireedia monteithiana	s__Clarireedia paspali	s__Hymenoscyphus linearis	s__Oidium heveae	s__Protomyces arabidopsidicola	s__Morchella punctipes	s__Pseudozyma thailandica	s__Moesziomyces parantarcticus	s__Ganoderma multipileum	s__Physisporinus lineatus	s__Laccaria trichodermophora	s__Podaxis sp. AQ645840	s__Malassezia restricta	s__Malassezia cuniculi	s__Apiotrichum gamsii	s__Dothiorella sarmentorum	s__Cladosporium sp. SL-16	s__Botrytis tulipae	s__Clarireedia hainanense	s__Hymenoscyphus occultus	s__Suhomyces faveliae	s__Wickerhamomyces ciferrii	s__Trichoderma erinaceum	s__Aspergillus spinulosporus	s__Aspergillus texensis	s__Tuber melosporum	s__Malassezia arunalokei	s__Malassezia globosa	s__Golubevia sp. BC0812	s__Candida dubliniensis	s__Trichomonascus petasosporus	s__Saccharomycopsis sp. KB-2023a	s__Alternaria burnsii	s__Lecanosticta acicola	s__Pseudocercospora ulei	s__Sclerotinia minor	s__Myriosclerotinia scirpicola	s__Claviceps fusiformis	s__Epichloe festucae	s__Sphaerostilbella broomeana	s__Ustanciosporium gigantosporum	s__Tausonia pullulans	s__[Candida] boidinii	s__Botryosphaeria kuwatsukai	s__Trichosporon faecale	s__Xylaria cf. heliscus	s__Fusarium tuaranense	s__Calonectria naviculata	s__Xenoacremonium recifei	s__Pyricularia oryzae	s__Phaeosphaeria sp. H6.2b	s__Teratosphaeria destructans	s__Lasiodiplodia citricola	s__Zalaria sp. Him3	s__Meyerozyma caribbica	s__Metschnikowia sp. MTCC 13085	s__Cryptococcus sp. VH57_BW	s__Atkinsonella texensis	s__Exserohilum rostratum	s__Aspergillus flavus	s__Tetrapisispora blattae	s__Calvatia gigantea	s__Heterodoassansia hygrophilae	s__Sarocladium oryzae	s__Protomyces inundatus	s__Cercospora canescens	s__Hyphopichia heimii	s__Ogataea ramenticola	s__Scedosporium minutisporum	s__Aureobasidium sp. P6	s__Lachancea kluyveri	s__Trametes hirsuta	s__Saccharomyces boulardii (nom. inval.)	s__Fusarium staphyleae	s__Trichoderma orchidacearum	s__Kluyveromyces marxianus	s__Yamadazyma philogaea	s__Saccharomyces cerevisiae	s__Aphanoascus verrucosus	s__Trichophyton simii	s__Fusarium bulbicola	s__Botryosphaeria dothidea	s__Exophiala spinifera	s__Alternaria viburni	s__Curvularia sp. ZM96	s__Malassezia pachydermatis	s__Apiotrichum porosum	s__Kazachstania exigua
sample_2022120210001	0.000584138541150081	9.456629786754259e-05	0.00025947274176353884	0.00042732143078317143	0.0	4.8602730598253025e-05	0.00010022211283865336	0.00013387618668565384	1.4441737853658619e-05	0.0	0.0031689049103649403	0.9179171436640753	0.0	0.0012228726206179785	0.0	4.9380375018127004e-05	0.0003660587307446063	0.0010777005771787805	0.0003636487721423476	0.0	3.8154879878626164e-05	3.140840416549571e-05	0.00034329584316585395	0.0	0.0	0.0	8.734526726699471e-05	6.712938528189916e-05	4.1766724464022856e-05	0.0	0.000106023696320025	0.00391464901236982	0.00012595563013407464	0.0015606586158445374	0.0006284419074608563	6.06770478251906e-05	0.0	0.00040791933604717427	1.4628766271790806e-05	0.00028367261751382713	0.0	0.0	0.05830015378112641	0.0002828873509238897	0.0006506983283385954	0.00043926833217106126	0.0	0.0	0.00010167323882358865	0.0	0.0	0.0	0.0006980182339247035	1.624275678672543e-05	0.0002728142425317461	0.0	0.0	0.0	4.1312467753567664e-05	0.00018173512086259622	9.449810054346311e-05	0.0	0.0	0.0	0.0	0.0024832150594842166	5.0852452797380435e-05	0.0006080877746473095	0.0001332888743516549	4.540410557831848e-05	3.1415305648271744e-05	1.9814411739386672e-05	0.0007365593876025011	0.00044796426555309494	6.488968428415262e-05	2.029786947276758e-05	7.296543287544684e-05	0.0006658648584865205	0.0	0.0	0.0	0.0	0.0	0.0	0.0	0.0	0.0	0.0	0.0	0.0	0.0	0.0	0.0	0.0	0.0	0.0	0.0	0.0	0.0	0.0	0.0	0.0	0.0	0.0	0.0	0.0	0.0	0.0	0.0	0.0	0.0	0.0	0.0	0.0	0.0	0.0	0.0	0.0	0.0	0.0	0.0	0.0	0.0	0.0
sample_2022120210004	0.00014793980676033075	4.1057148057532295e-05	0.00093011232007379	0.008303737672480245	0.0	0.0	0.007343975340890227	0.0018817654999695168	0.0	8.079603485541717e-05	0.0003379206865680885	0.0	0.013324204024995031	0.023537698695793467	0.0	0.0	0.003837329278315927	0.035078116190230685	0.003499732958881813	2.1124964122696022e-05	1.932632469377614e-05	0.0	0.0019872827957007374	0.0	0.09167648374934083	7.274603965375653e-05	2.212119394735961e-05	0.0	0.0	0.0	0.0006229599277278935	0.12614247888599267	0.004784956890292689	0.022570409270096736	0.006129516244961185	4.097909473038164e-05	0.0	0.022909051364612125	0.0	0.006633536387647625	0.007002296744460207	1.3560843843829613e-05	0.2570790090295659	0.0	8.038870181266007e-05	0.17518658545826735	0.0	0.0	0.0051499835209107055	0.0	0.0	0.0	0.006759279237094906	4.936398058348603e-05	0.022142385228081075	0.019954681604202787	0.0	0.0003282912008012481	0.000439440027938109	0.0	0.0	6.5304164455585086e-06	0.0	0.063581192712052	0.0	0.0	0.0	0.0028000950128752923	0.0	0.000298976916325512	0.0	0.0	0.0	0.0	0.0	0.0	0.00022175202516563485	0.0	0.0	0.0	0.0	0.0	0.0	0.0	0.0	0.016337174011435984	0.0	0.004337794805702659	0.0	3.3326871567397646e-05	0.0	0.0	0.01267689605380587	0.00752238899211065	0.0062473612686592935	0.0026371126740320394	0.0028460199885145115	0.00012957610432483583	0.004161177778028295	0.0	0.0	0.0	0.0	0.0	0.0	0.0	0.0	0.0	0.0	0.0	0.0	0.0	0.0	0.0	0.0	0.0	0.0	0.0	0.0	0.0	0.0	0.0	0.0	0.0
sample_2022120210037	0.0008241177426592445	8.949683342970529e-05	0.0005729804553690287	0.011623832717066008	0.0	2.68317343481727e-05	0.0	0.0	1.594547750077427e-05	2.201501326609232e-05	0.0014732066316860244	0.0	0.0052879476713196425	0.0	0.0	0.0	0.002354755411025145	0.009534778883430524	0.001791368109263506	0.0	6.319161012487656e-05	3.467879053276544e-05	0.00046026452425234477	3.379913946456416e-05	0.01241060506911545	0.0	0.0	0.0009635496417052065	0.0	2.5372841361769677e-05	0.0003746027756717041	0.10136588143317223	0.012029615992474086	0.013815001782526681	0.0013877562932527669	6.699501893152505e-05	0.0	0.0017030514003466266	1.6151980171266703e-05	0.0022838222234398764	0.0	1.4780040018327647e-05	0.7228999500543143	0.012672196553527726	0.00035046439395529193	0.01711381685567981	4.1284315264675185e-05	0.00419210837032308	0.0005612996020702835	0.0	0.0	0.0008282383765259659	0.00562156974321175	0.0	0.003189397832404958	0.0	0.0	0.00015334561165491478	0.00025087760729190913	0.0	0.0	7.117537633590384e-06	0.0030105720806085094	0.01659106805865296	0.0	0.0	5.61474422369738e-05	0.0	0.005224446966550448	0.0	0.0	0.0	0.011773689996664082	0.0	0.0	0.0	0.00016112585341728056	0.0011763163937352041	0.0	0.0	0.0	0.0	0.004671986008119325	0.0	0.0	0.0	0.0	0.0	0.0	0.0	0.0	0.0	0.0	0.0	0.002093317947669897	0.0	0.0	0.0	0.0	0.0	0.0	0.0	0.0	0.0	3.837175576227613e-05	0.0	0.0	0.0	0.0	0.0	0.0	0.0	0.0	0.0	0.0	0.0	0.0	0.0	0.0	0.0	0.006654893405799069	0.0	0.0	0.0
sample_2022120210043	0.0004634832006365327	0.00020309787659511858	0.0014103057676196926	0.0005256195784795468	0.0	7.306808157531242e-05	0.0	0.00022642422576874837	0.0	5.995120420972595e-05	0.0018387558527862217	0.0	0.0034388346036555257	0.0	0.00010865966586329417	0.0	0.0008135212207803878	0.8764580584944344	0.0018083157473246006	0.0	2.8680527216797122e-05	4.7218578245834456e-05	0.002175001476966962	0.0	0.0033614812980803876	0.0	6.565630197443716e-05	0.0	0.0	0.0	0.0011476315337254847	0.0052805396095271144	0.0020356030114026167	0.0018608218111886392	0.008634879242680894	6.0813530785442775e-05	0.0	0.0005557626377875598	4.398501376923902e-05	0.0003731577833033677	0.0	0.0	0.062235508379414474	0.001336611535868907	0.00047719168270074215	0.003844381721497256	3.747509915431702e-05	0.0	0.0012228232310314275	0.0	0.0	0.0	0.0012654317964397846	2.441893826317389e-05	0.0015440633954491585	0.0013773496451085915	0.0	0.0004175902130001712	0.000527918764589555	0.0	0.0	0.0	0.0	0.005491581208979497	0.0	0.0	7.645025543970722e-05	0.0	0.0002003830283675122	0.00020477805564096785	0.0	0.0	0.0016861528104996784	0.0011575056459308033	0.0	0.0	0.00043877733912446175	0.0	0.0002906706629584911	0.0	0.0	0.0	0.0	0.0	0.0	0.0002169538002560926	0.0	0.0	0.0	0.0	0.0	0.0	0.0	0.0	0.0009709669830822771	8.82746813424977e-05	0.0	2.4036586402352852e-05	0.0	0.0	0.0	0.0	0.0	0.001743376663074087	0.0	0.0	0.0	0.0	0.0	0.0	0.0	0.0	0.0	0.0	0.0	0.0	0.0	0.0	0.0	0.0	0.0	0.0	0.0	0.0
sample_2022120210051	0.00039422146675756667	0.00015316940906974608	0.00109916516230278	0.005191006667690575	0.0	3.936101810466234e-05	0.0	0.0010028840401198756	0.0	0.0	0.0007203772486868869	0.0	0.014009263184075225	0.0	0.0	0.0	0.00636730328104212	0.05304676415671551	0.01089656222871282	0.0	0.0	2.5436158622764024e-05	0.0026610372945520882	2.4790953188557515e-05	0.076200216662112	0.0	0.00014147347706329613	0.0	0.0	0.0	0.0005838718100249085	0.044340579531643554	0.003162167950011429	0.06942747104575646	0.0049947618661467744	3.2759618627554174e-05	0.003006770721732399	0.008320798582231101	0.0	0.0047669563026325286	0.0	0.0	0.45397388619801327	0.0	0.00023135239151635196	0.0657615112800704	6.056234231769417e-05	0.0	0.007739985832368985	0.002558412316377267	0.0	0.0	0.008412866962037361	0.00010523383128188392	0.005328532616562846	0.008470755391613325	0.0	0.0007498383963677278	0.0005687687319225101	0.0	0.0016530366555987867	3.13233789535614e-05	0.0034349635912788662	0.02622092203244412	0.0	0.0	0.0	0.0	0.0	3.677060526633115e-05	0.0	0.0	0.0	0.08736310309133265	0.0	0.0	0.00035454720618453015	0.0	0.0021295053125158117	0.0	0.0	0.0	0.0033902177363409254	0.0	0.0	0.0037398644226140565	0.0	0.0	0.0	0.0	0.0	0.0	0.0	0.0	0.0066815400005393825	0.0	0.0	5.179303970542201e-05	0.0	7.316982982898868e-05	0.0	0.0	0.0	0.0	2.814487042969495e-05	4.8401036616713e-05	0.00010463851734557592	0.0	0.0	0.0	3.629347070334022e-05	0.0	0.0	0.0	0.0	5.088907422830777e-05	0.0	0.0	0.0	0.0	0.0	0.0	0.0	0.0
sample_2022120210069	4.110360736449141e-05	8.55549089635784e-06	0.0019213149527362717	0.0006888530825768142	0.002599955926042899	0.0	0.001935842318861337	0.003794049207770509	0.01815459457058861	0.0	0.0002816637291584974	0.024698372672120807	0.0	0.0	9.154569192743992e-05	0.0	0.0010885622642913433	0.023869885173989577	0.0035253191145437125	0.02555373335963749	0.0	1.9890809450782143e-05	0.0004969321252401129	0.0	0.02594766126788808	0.00010611176777115035	2.7657694075779387e-05	0.0003826148007199743	0.0	0.00014553170540219484	0.0017188955707275648	0.031006113526659468	0.0	0.17758075691359676	0.007376690970960573	1.2808839209270616e-05	0.0012652035265439865	0.006635944077062706	0.0	0.021258425747373976	0.0	0.0	0.04198932632414389	0.0740662917765637	5.025420705533367e-05	0.004361571237437533	0.0	0.0	0.011590061743506328	0.0	0.0	0.0	0.0037184373598083847	0.0	0.007439363595484639	0.0037713523429188187	0.0	0.0	0.0	0.0	0.0	8.164851348824034e-06	0.0093374144513071	0.12807417541758576	0.0	0.0	6.440928634055114e-05	0.0	0.003024737537065383	0.0001725253675894185	0.00034816565228585044	1.254838310825273e-05	0.0	0.002801477003551975	0.0	0.0	0.0005545043985700179	0.0	0.0010775152464290738	0.0	1.8909556444601874e-05	0.0	0.0	0.0	0.01688090721888813	0.049020229483381354	0.0	0.0	0.10470962641330578	0.0	0.0	4.2627466202233756e-05	0.0	0.0	0.0	0.00048341381940849833	0.0	0.0	0.0	0.0	0.0	0.0	0.0	0.0	1.1004496847118296e-05	0.0	0.0	0.005810469564274125	0.03864025456137064	0.0009162458844741573	0.0	0.0	0.0	0.05716472959921237	0.006024794558543376	0.006685513411327098	0.011118570711074782	0.0	0.017798359902982903	0.009977456664973563	0.0	0.0	0.0	0.0
sample_2022120210002	0.00040670708550195726	0.000211634634439785	0.0005002841758730802	0.0008722833534956279	0.0	2.537977746272381e-05	0.0	0.0008214258017985631	0.0	0.0	0.0026127869696866905	0.8170073762081804	0.0024635725151616146	0.0	0.0	0.0002578585428348252	0.00021608440358403394	0.0014617211341763656	0.0010955373207147759	0.0	0.0	4.920330391117297e-05	0.00015365577782238605	0.0	0.0076997904575673475	0.0	9.122135395981822e-05	0.0	0.0	4.799966032777627e-05	0.0005536433416920759	0.0051524636010411495	0.0	0.003006912803778201	0.0025032121986199732	0.0	0.000295428563486801	0.0016508329736299632	0.0	0.0	0.002384801147781398	0.0	0.12790632630163074	0.0012661754229667266	0.0004972493509984053	0.001507359446875278	2.6033519874194396e-05	0.0	0.0026546288073676805	0.0003093095261545826	0.0	0.0001607014494683421	0.0019082487788655298	5.0890665716183746e-05	0.0001508404305442226	0.000651175250096557	0.0	0.0	0.0	0.0	0.0	0.0	0.0	0.008930423590602171	2.9793045311862658e-05	0.0017829705581517573	5.310911216488624e-05	0.0	0.0	0.0	0.0	0.0	0.0	0.0	0.0	0.0	0.0	0.0	0.0005250064628119581	1.6757168852753993e-05	3.1184005017373823e-05	0.0	0.0	0.0	0.0	0.0	0.0	0.0	0.0	0.0	0.0	0.0	0.0	0.0	0.0	0.0	0.0	0.0	0.0	0.0	0.0	0.0	0.0	0.0	0.0	0.0	0.0	0.0	0.0	0.0	0.0	0.0	0.0	0.0	0.0	0.0	0.0	0.0	0.0	0.0	0.0	0.0	0.0	0.0
sample_2022120210003	0.000318600355614584	5.894659572746347e-05	0.00047899552890277224	0.006441187876194512	0.0	5.301772152187006e-05	0.0	0.0	0.0	2.1750100599096087e-05	0.0006670946030603482	0.10888897348227697	0.0	0.0	0.0	5.386600586286132e-05	0.0046528399921472	0.0165041618674992	0.006499482321618262	0.0	4.162080548161868e-05	0.0	0.0004012288548815394	5.0088637783112935e-05	0.1238486632931814	0.0006005472045781692	9.527956555554698e-05	0.0	0.0	0.0	0.0003700950781669186	0.027317895532727583	0.0017174653667504209	0.00868824425715105	0.002247895849202031	0.00011031474928697296	0.005573571760059656	0.014558994622078974	3.191523796542435e-05	0.0007349222909352951	0.025784129644918698	0.0	0.48029493501877474	0.0	0.00020774829611397785	0.00727312721663873	0.0	0.0	0.00022181813226639514	0.0	0.0	0.0038186024704187508	0.0	0.0	0.002205713256077542	0.01270065601617535	0.0	0.0	6.75978350530766e-05	0.003246239537920002	0.0010102050726253427	0.0	0.0	0.0	0.0	0.0	0.00011094360946100678	0.0	0.009426547090576087	9.905707748804538e-05	0.0	2.1614319829105142e-05	0.0	0.0	0.0	0.0	3.979674550479054e-05	0.0	0.0012654523779245441	0.0	0.0	1.7878105998601115e-05	0.006143404821999464	0.009591770599953274	1.9294624659678562e-05	0.0022825937235245795	0.0012388968848104072	0.010060391853447741	0.0071144361654008875	3.588605854439173e-05	0.07745606473073677	7.342489307594494e-05	0.0071441142632715435	0.0	0.0	0.0	0.0	0.0	0.0	0.0	0.0	0.0	0.0	0.0	0.0	0.0	0.0	0.0	0.0	0.0	0.0	0.0	0.0	0.0	0.0	0.0	0.0	0.0	0.0	0.0	0.0	0.0	0.0	0.0
sample_2022120210011	7.813464797454854e-05	5.692154759751171e-05	0.0011533468492441776	0.0036009991714134205	0.0	1.4627529603583213e-05	0.0	0.004260828222604692	0.0	4.800662589967438e-05	0.0004350288067296978	0.0	0.0	0.0	0.0021317571174257577	0.0	0.0012741333588465107	0.06556842211676922	0.017435290521280514	0.0	2.2966266630534837e-05	0.0001323378951157229	0.0012250643824547193	9.212932467915937e-06	0.05112497417738492	0.0	5.2575049465503834e-05	0.002727449731389034	0.0	0.0	0.000855161324586991	0.01583249256586743	0.024071415340497185	0.04551206620785174	0.007319144488909458	2.4348571980656413e-05	0.00218157193069688	0.02026436628521063	0.0	0.014193496213880748	0.004680628461010161	8.057454285468341e-06	0.2767755685281883	0.0	9.55292011888155e-05	0.1114374039183457	1.5004311334272098e-05	0.005819423457467135	0.0008567912170649791	0.0	0.0	0.0	0.006104570468171218	1.955374957884923e-05	0.0296742424848307	0.0035155855195978477	0.007154378963652407	0.00036225608557912363	0.0003481364411726088	0.0037055995070058435	0.0024117331202382544	0.0	0.05324901909526406	0.04762235968481841	1.7171098246241135e-05	0.0	3.060921678895292e-05	0.0	0.005321891717471551	0.0001229838120752519	0.00043019266615745193	1.192673295215572e-05	0.015849812431830985	0.030224914544502438	0.0	1.2217736861609507e-05	0.0002854768078197022	0.0	0.0013499959537341577	0.0	0.0	0.0	0.0	0.0	0.0	0.007253155923379195	0.0	0.0	0.0	0.0	0.0	4.051569046267965e-05	0.0	0.01796892819018549	0.015600424832934978	0.003451880881651764	0.0	5.7742730602353265e-05	0.0	6.797930436318524e-05	6.290343558722215e-05	0.0	0.008101872108771951	0.0028269591169781177	0.0	0.0	0.0	0.0	0.0	0.006455384183023379	1.3487552982452084e-05	0.048979591782062994	0.0	0.0	0.0	0.0	0.0	0.0	0.0	0.0	0.0	0.0	0.0	0.0
sample_2022120210013	0.00011525068195472176	2.8222116041856817e-05	0.00042530431233599284	0.0003895421455286807	0.00025307736020020076	3.0460228020284745e-05	0.0	0.0002796755876838051	2.4135742861461362e-05	0.0	0.00032519481241772354	0.09566019919941651	0.0	0.0	0.0	0.0	0.0006250748259748519	0.0009180963572241326	0.0002162179389179683	0.0002700907548932948	0.0	0.0	0.0003893187562139822	6.394974209895752e-06	0.0008332150411827307	0.0	9.1234817629122e-06	0.0	0.0	0.0	0.0005847336589167235	0.007752241427999194	0.0006709790976829167	0.0015514587341533817	0.0049461003451877015	8.450538979111324e-06	0.0	0.0015072731776302267	2.444831395599074e-05	7.901460593512662e-05	0.0	5.592921964035633e-06	0.046357750417759615	0.0	0.00014588133757065776	0.0	0.0	0.0	0.0007221656067482757	0.00012374207127902918	0.0	0.0	0.0003259512633872842	0.0	0.00012739516348058588	0.0013982397345794447	0.0	0.0	8.630428595024683e-06	0.0	0.0	5.386701593689233e-06	0.0	0.004162365046432471	0.0	0.0006268336687520665	0.0	0.00018477567418959947	0.0005290524465843093	1.8970393802282585e-05	0.0	0.0	0.002378018512177124	0.0	0.0	0.0	0.00013718634913887612	6.955163208094565e-05	0.0004362235894783926	0.0	2.4950886056428722e-05	6.847662374722165e-06	0.0	0.0	6.65119491931219e-05	0.002494706477320845	0.0	0.0	0.0006428128334794193	0.0	0.0	2.8123162359787285e-05	0.0	0.0	0.0	0.00024532982246509367	0.0	0.0	0.0	1.8874593935130165e-05	0.0	0.0	0.0	0.0002664821378060479	7.260137162528739e-06	0.0	0.0	0.0	0.16675668216732253	0.0	0.0	0.0	0.0	0.6536750146609569	4.001491220632608e-05	3.938142048596651e-05	0.0	0.0	0.0	0.0	0.0	0.0	0.0	0.0
sample_2022120210014	0.0002787754169692644	2.2104981787530076e-05	0.0006205171706807711	0.0029716346792902325	0.0	1.9881653116589706e-05	0.002063531341339608	0.001136352985387549	1.1815205395784254e-05	8.156290820302044e-05	0.00045483740198844945	0.0	0.03965023692076327	0.0	0.0	0.0	0.0	0.031878541219762885	0.0062591869353410875	0.0	0.0	0.0	0.001444424425790815	2.50443283968882e-05	0.09409782749545345	0.0	0.0	0.0	0.0	1.880064940980301e-05	0.00024287498722788415	0.16364420076653918	0.010356320092145785	0.08713196914223158	0.002534862238842091	0.0	0.010963933384762837	0.016196366210274336	0.0	0.02149648516863969	0.004190764176454699	0.0	0.3327779423506599	0.0	9.088991404624985e-05	0.10492559569882376	2.0393772652371723e-05	0.0	0.0003327273246830192	0.0013730477625713692	0.0050413731032258454	0.0	0.0	1.3288671320142502e-05	0.0020350338360203128	0.012804764613937024	0.0	0.00022725062929686545	0.000371788233900537	0.0	0.0	5.27391977123364e-06	0.0	0.013651977823736542	2.3338856814141737e-05	0.0	0.0	0.0	0.008705625520818095	9.286604539144883e-05	0.0	0.0	0.0	0.0	0.0007963220448125934	0.0	5.969514091389711e-05	0.0	0.0	2.6253990511611118e-05	0.0	0.0	0.001872589346305838	0.0	0.0	0.0069215745429627475	0.0	0.0027776641895967433	0.0	0.0	0.0	0.0	0.0	0.0	0.006323702948122471	0.0	0.0	0.00010464477789053765	0.0	1.8479414980980084e-05	0.0	0.0	0.0	0.0	1.4216262125299979e-05	7.334357698305045e-05	0.0	1.4660760594974019e-05	0.0	0.0	0.0	0.0	5.452007922101879e-05	0.0	0.0	2.5704592257784014e-05	0.0006305983688567878	0.0	0.0	0.0	0.0	0.0	0.0	0.0
sample_2022120210016	0.0004513869935683704	6.263582139256392e-05	0.0007634608417822308	0.00445781069317663	0.0	2.816794163345859e-05	0.0	0.0	5.021866351215096e-05	6.933405057150225e-05	0.0015465716034931641	0.0	0.008119789834035275	0.0	0.0	5.7237258245687795e-05	0.0024904690006545788	0.013140649983397267	0.0072304957405356475	0.00016919568448255798	0.0	0.0	0.00048318547309911627	3.548232012679445e-05	0.029016758502934715	0.00011097965061733336	0.0	0.0	0.0	5.327279297560613e-05	0.0004915722640181631	0.05491626111704876	0.0	0.011446439662764651	0.003438881088549715	7.033133820230176e-05	0.0009836510046679838	0.019902899399124936	0.0	0.0005617129926415286	0.01795525063939591	1.551607880333639e-05	0.34017862222480055	0.0	0.0004231049523394652	0.02893120228055559	4.3340254031393606e-05	0.0	0.00047140163881582346	0.0	0.0	0.0	0.00820977744089805	1.8827132529520525e-05	0.003627247313147023	0.006342165392425011	0.005510817876517974	0.0	7.18285063056804e-05	0.0	0.0	7.4719875366749255e-06	0.0	0.0	0.0	0.004137582106888851	0.00011788711495697787	0.0011533749916819178	0.005690617065527944	0.00010525665369883036	0.0	0.0	0.0	0.008015761381284897	0.0	0.0	4.228746058497185e-05	0.0	0.0016135822226126945	0.0	0.0	0.0	0.0	0.0	0.00010251098041418527	0.010475443132485926	0.0006582171798314255	0.0017327247268543336	0.0049428804724478	0.0	0.0	7.802025599131054e-05	0.0	0.0	0.0	0.0	0.0	0.0	0.0	2.6181277761574445e-05	0.0	0.029717326959346438	0.0	0.0	0.0	0.0	0.0	2.0771082078519503e-05	0.0	0.0	0.0	0.0	0.0	0.0	3.7003587456572975e-05	0.0	0.0	3.6767364292516816e-05	0.0012449429054335111	0.3580954356430145	0.0	0.0	0.0	0.0
sample_2022120210021	0.0004885042172384436	0.00013241978665451783	0.0002655146510372539	0.00023118913242124408	0.00015707056678404625	0.00010208652598935065	0.02280517534953769	0.0	6.06676550301434e-05	1.3960063077931957e-05	0.0015180478449843113	0.8714297595877475	0.0	0.0014983241205589297	0.0	0.0	5.571593700064479e-05	0.0006859491639272762	7.834030631686251e-05	0.0005256005426100944	0.0	2.199036164331716e-05	0.00012017802149524573	0.0	0.013190306970773958	0.0	4.5865606660067615e-05	0.0	0.0	3.217862842919263e-05	8.907804723424564e-05	0.0013891789504079472	0.00015432707836300353	0.0023926002428966107	0.0003069760108035067	9.912603355733215e-05	0.0	9.817558543690912e-05	0.0	0.0001489584622295544	0.00017283822762198658	0.0	0.045190888210251044	0.0002546504799216968	0.0004444698703607447	0.0007469082858205798	2.6179027841503267e-05	0.00038366946070006154	0.0009966007158962885	0.0	0.0	4.039991269075222e-05	0.0002731039316160751	4.5488983641763916e-05	0.0	0.00024054422483515107	0.0	0.0	0.0	0.0	0.0	1.3540024680909046e-05	0.0009898781327283312	0.023889442836464644	0.0	0.0011590697595555968	0.0	0.0	0.00013998182785311043	3.178934836986867e-05	0.0	0.0	0.00046881509280746243	0.0	0.0	0.0	0.0	0.0	0.0	0.0	0.0	0.0	0.0	8.626764103186139e-05	0.00011145638544439436	0.0050266634884380875	6.626436270263133e-05	0.0	0.0	9.213228943297633e-05	0.0	0.0	0.00016376325856653918	0.0	4.376062222633568e-05	0.0	0.0	0.0	0.0	0.0	0.0	0.0	0.0	0.0	1.216606423030005e-05	0.0	0.0	5.018583745612871e-05	0.0	9.647230440362016e-05	0.0	0.0	0.0	0.0	6.705437943853082e-05	4.399521022693222e-05	0.0	1.1104386383790891e-05	4.6999313500242586e-05	0.0	0.0	0.00031602391041578206	0.00012016674159735728	0.0
sample_2022120210023	5.706721004854035e-05	5.543172795920675e-05	0.0010178638039769314	0.000432650907730275	0.014925407634863655	1.4244680194473716e-05	0.00046018471683058364	0.021256623844854168	0.002217904174401217	3.506260378661719e-05	0.0005214064077120018	0.0	0.0	0.0007168086724702351	0.0	2.894519058325018e-05	0.0	0.006185869671553339	0.00013937334665203236	0.006869500326044803	1.1182582851613018e-05	1.8410598221505876e-05	0.0005605665069022089	4.4859002242797546e-05	0.015993434057434506	0.0	0.00016639672282045263	0.0	0.0	0.0001347016954377897	0.0017898533889562375	0.007544027110796736	0.0005352758146320707	0.30366893136327	0.002767076936006147	0.0	0.00012435940622498897	0.015571987913708195	8.574913162959365e-06	0.0017182244106716692	0.0007596868979606393	0.0	0.018040370392116506	0.00975966103546112	0.00016745201156200478	0.0019771169223532837	0.0	0.0	0.00047678070875480707	5.78677950407236e-05	0.0	0.0	0.0	0.0	0.0007431341833549974	0.0013724120485796188	0.004287462091178434	0.0001356825695589681	6.054010586961039e-05	0.0	2.215670115086477e-05	1.5114497787882508e-05	0.0	0.4745625035939612	0.0	0.0	2.9808075319508595e-05	0.0	0.0008203614214726522	0.00015968657452406984	8.746955733347043e-05	0.0	0.0014031792688326756	0.0	7.607249956292357e-05	1.189795946481814e-05	4.2769994350870465e-05	0.0	0.0	0.0	0.0	9.6068972835026e-06	0.00016770761098989953	0.0	0.002737170816212622	0.01929723731233488	3.328639822964519e-05	0.00014851665276306256	0.0007645961767582115	0.00011570140988291737	0.0	3.945526477401788e-05	0.0	0.0	8.548615870291268e-05	0.005598732524580139	0.0	9.371902994755434e-05	0.00019926102831947987	0.0	0.0	0.0009527607388409471	0.0006043266464092822	0.0	1.0185576941121244e-05	0.0	0.0	0.002237362303569874	0.0010959581869115667	0.00021538076419555578	0.0	0.013903439733657688	0.0	0.0071008868768860645	0.003274759950144085	0.003996415771790195	0.0012951803616542395	0.0	0.000563993688654783	0.003834053943860823	0.0	0.009366098772946214	0.0	0.0015973251542052453
sample_2022120210025	0.00041838205107406226	7.572515996345147e-05	0.0012754254890101878	0.0053349447376767	0.0	2.7243476191252415e-05	0.0	0.0019886165958327906	0.0	6.705852279046648e-05	0.0017451157208123033	0.0	0.0	0.0	0.0	0.0	0.001231129880097633	0.023896766572500318	0.005048896837265634	0.0	0.0	0.00010563284414954296	0.00041234773737681914	1.7158899222449714e-05	0.016479598875515592	0.0	9.791995963669104e-05	0.0	0.0	2.5762196009177166e-05	0.0007369304097635801	0.1121494299050546	0.0017297586910777919	0.02262418960761264	0.004685916693355311	6.802307966789355e-05	0.0024180598307588157	0.00583064130060997	0.0	0.0023321189068579	0.0	0.0	0.6848589845910635	0.0	0.00042701086327293276	0.013595125012182983	1.3972612248251645e-05	0.0	0.0010258432743899273	0.0	0.002883965762011656	0.0	0.0068355922323043135	1.8209230319062116e-05	0.004389750045663053	0.004222486097344329	0.0	0.000518995836042954	0.00018525629614508303	0.0	0.0	7.226758604006085e-06	0.016642416107630648	0.031550717804513025	0.0	0.0	5.700904331914305e-05	0.0	0.0	0.00017815376993381255	0.0	0.0	0.0	0.0	0.0	4.551057250551844e-05	0.00020449797869979343	0.0	0.0	0.0	0.0	0.0	0.0	0.0	0.0	0.0	0.0	0.0	0.0	0.0	0.0	0.0	0.0	0.0	0.008618544868086832	0.0	0.0	0.0	0.0	0.0	0.0	0.0	0.0	0.0	1.9480291526464725e-05	0.0	0.0	0.0	0.012785968742087489	0.0	0.0	0.0	7.470789634508003e-05	0.0	0.0	0.0	0.0	1.7780333876588204e-05	0.0	0.0	0.0	0.0	0.0	0.0
sample_2022120210026	6.293261188650148e-05	1.309907870870026e-05	0.0020707829028060536	0.0	0.0	0.0	0.0	0.015366173404663416	8.401814953377419e-05	3.86663590870569e-05	0.00026952978227145444	0.0	0.0	0.0	0.0	0.0	0.0	0.028553248833459003	0.009357509412332706	0.002406113828278698	7.399161226462095e-05	0.00012181710283227503	0.0017118882452892745	5.9363564653546326e-05	0.09155548554573707	0.0009283704731127512	2.1172970434345173e-05	0.0	0.0	0.0	0.0011719530043703896	0.060523683818591474	0.01569361943680448	0.08135016458502607	0.005172398193428783	0.0	0.0023313993811072057	0.018392029265308522	0.00011347497414069459	0.011632541776559353	0.03997350027339931	0.0	0.11454486253717414	0.08412981570167777	7.694284543524835e-05	0.08211209793861064	0.0	0.007154123846343791	0.002366030312868296	0.0	0.0	0.00580009977374842	0.0064894494671110785	0.00012599465820309634	0.027650815864096397	0.011659471961748618	0.0	0.0003591074516895352	0.0005207471412664149	0.0	0.0012827839548121194	6.250490577262694e-06	0.0198776773150315	0.0716423972194076	0.0	0.006972528539855006	0.0	0.002626467743142839	0.0	0.000198111662733167	0.0	0.0	0.038273774842917684	0.0	0.0	0.0	0.000636739917894245	0.0	0.0	0.0	0.0	0.0	0.0	0.004865742869711056	0.0005316674133621172	0.011561497861057294	0.0	0.0	0.009923601504716457	0.0	0.0	0.0	0.0	0.007224266415671205	0.015938782363025455	0.0025050950213833293	0.0	7.751364574839231e-05	0.0	0.0	0.0	0.022064407155889275	0.0	0.003879231450580473	0.0	0.0	0.0	5.212647324721488e-05	0.0	0.008639707334907577	0.0	0.0	0.0	0.0	3.0954357670830774e-05	0.00015232153565930738	0.0019265438766679984	0.0	0.0	0.03707132094826982	0.0	0.0	0.0	0.0
sample_2022120210028	0.000211052819449985	0.00021086154811977509	0.014823893771765372	0.0009853134187472756	0.0	0.0	0.0	0.002263729253259702	3.756879369327836e-05	2.5934547632971485e-05	0.001518558209039449	0.0	0.0	0.0	0.00018802219686904617	0.0	0.0007866550363233902	0.01021287576293951	0.0051847931525097965	0.0004068514421025259	2.4814063672205312e-05	4.0852973107723505e-05	0.0008930511575787059	3.981670970633834e-05	0.002102633228883374	0.00012453651610578668	5.6805080511946145e-05	0.0	2.71630303522537e-05	0.00017934120363965005	0.0005516209218043307	0.027830477780682292	0.0	0.00020999500685192892	0.009181668540586144	5.2615170343096464e-05	9.19841824633984e-05	0.017973447741870534	5.708299523448989e-05	0.0	0.005538857602587077	0.0	0.08857503410966076	0.0	0.0005367190122252206	0.0012243368230841602	4.863453988353551e-05	0.0	0.0021159453091848866	0.0005136327339630727	0.0	0.0	0.0010948370973912869	0.0	0.0005009647371408527	0.006339007138315633	0.0	0.0	2.6867604053635574e-05	0.0005614101697031233	0.0	1.67694760440708e-05	0.0	0.0008638642122494376	0.0	0.0	0.00013228777085563657	0.0	0.01095114822408769	2.9528604738998657e-05	0.0	0.0	0.0	0.0022760468819100566	0.00047827879359970484	0.0	0.0	0.0	0.0	0.0	0.0	0.0	0.0	0.0	9.20266754660502e-05	0.0	7.386225669409251e-05	0.0	0.03908781230718479	0.0	0.0	0.0	0.0	0.0	0.00029808918215863537	0.0	0.0	0.0	0.0005526983244523278	0.0002056564037678272	0.0	0.07915447273955728	0.0	0.0	0.0	0.0	0.0	4.661680197075964e-05	0.0	0.0	0.0	0.0	0.0	0.0	0.0	0.0	0.0	0.0010727269835299569	0.0004074643261610526	0.6608903869025321	0.0	0.0	0.0	0.0
sample_2022120210029	6.355469111982783e-05	0.0	0.0005472435859177762	0.0009319708593737698	0.0	0.0	0.0	0.0007537814372792196	0.0	2.9286427595022728e-05	5.443880858067799e-05	0.05919019533874299	0.0	0.0	3.5387150586359305e-05	0.0	0.0	0.006304337894596628	0.001725653444908074	2.0419310042756228e-05	0.0	0.0	0.0002881349997497886	2.2481386650527595e-05	0.034876099658107826	8.203538639652706e-05	0.0	0.0	0.0	0.0	0.00032183916659702766	0.05182763385018257	0.0021275557274155607	0.0011198068269875848	0.003878289581167587	0.0	0.0	0.009074714795625261	7.162291055419802e-06	0.0002951349316370568	0.012025984743269887	1.9661790189105887e-05	0.036325325735505835	0.019113352949157857	4.662204820931719e-05	0.02381101025480625	0.0	0.0	0.00019911818002205526	0.0	0.0	0.0005932769629195394	0.0013368533108047951	7.952506006829615e-06	0.0023885589598843576	0.007637995605222342	0.0	6.799822010044859e-05	6.068015158037114e-05	0.0	0.00026834613040295393	6.312275719650123e-06	0.0020766377702026127	0.021054829189819345	0.0	0.0	2.4897524579306093e-05	0.0	0.0	7.780498685080927e-05	0.0	0.0	0.0	0.008560519006893082	0.0	0.0	3.572411080532439e-05	0.0	0.0	0.0	0.0	0.0	0.0	0.0004935776778701445	0.0	0.002764386995960091	0.0	0.003436189896571839	0.0	0.0	0.0	0.0	0.004294429749314197	0.0	0.0005610256104261538	0.0	0.0	3.913992813452179e-05	0.0	0.0	2.5582814556380547e-05	0.0	0.0	0.0	8.50761578960477e-06	0.0	0.0	8.773622575757373e-06	0.11964424339539285	0.0	0.0	0.018023647310937276	0.0	0.5338289026587567	0.0	0.0	0.0	0.0	0.0	0.0075549727604465435	0.0	0.0	0.0	0.0
sample_2022120210033	0.00012603457904750774	3.228727112718675e-05	0.0005843559501591376	0.0005222488697518042	0.0001072337019349536	0.0	0.003403295697336054	0.00013998270584288515	0.0	0.0	0.00019930518818709068	0.7750553450626675	0.008242986439260578	0.001972776962046946	0.00017274055992774501	0.0	0.0	0.003721349014997073	0.0008858244122790266	8.721633750438597e-05	0.0	1.876630942211655e-05	0.00013186089539255947	1.8290289241604097e-05	0.00824148984740172	2.8603680684769462e-05	0.0	0.0015241554692619682	0.0	0.0	0.0003040725249052525	0.02215619381457473	0.0006961331567154681	0.00046624149276907923	0.0049162966382054404	1.208470879649692e-05	0.0	0.0027114856707135863	0.0	0.0008050892497524093	0.004756812403376332	0.0	0.05445178439852953	0.003187296177622533	3.7930522704853296e-05	0.0026527193252740048	1.4893911093488985e-05	0.0	0.0008504870319172894	0.0	0.0	0.0	0.0	0.0	0.0	0.0035049239323292026	0.0	2.7660818544799886e-05	4.936784108925607e-05	0.0	0.0	1.5406525026219326e-05	0.0	0.00823415026753698	1.7044755001378875e-05	0.001267330697819325	3.0383997195170958e-05	0.0	0.003291753702110799	4.069296977781001e-05	0.0	0.0	0.0	0.0	0.0	0.0	0.00026157812092157917	0.0	0.00048519515782469613	0.0	0.0	0.0	0.0	0.0	2.1136785593679345e-05	0.001799946979626968	0.00028274603990308773	0.0	0.0012889563252251532	0.0	0.0	0.0	0.005217467355215631	0.0	0.0	0.0	0.0	0.0	0.0006262587655772239	6.747911935617183e-05	0.0	0.0	0.0	0.0	0.0	0.0	0.0	2.1413994221326743e-05	0.0029417840853490826	0.0	0.0	0.0	3.981691992792689e-05	0.0	1.9074466245137764e-05	0.0	0.0	2.8429048262280848e-05	0.0	0.06675282546966549	0.0	0.0004315055902285889	0.0	0.0
sample_2022120210039	0.00029881243610945706	0.00014403324286569192	0.0009479297968284549	0.006683316869389057	0.0	7.066162730616127e-05	0.0	0.0005839122056914901	0.0	0.0	0.0014548888724777718	0.0	0.0	0.020445702029906296	0.0	4.786147626987838e-05	0.0035479907247531702	0.00682349820477965	0.0021418920101102324	6.063449492786998e-05	0.0	1.522115405249347e-05	0.0005704051751108082	1.483505914503468e-05	0.033298457436921086	0.0	0.0001058232505081941	0.003480952993032993	0.0	0.0	0.00045215498553530166	0.04968892118566453	0.0017091387744036517	0.00498132633785535	0.0025639347214121855	3.92071152901745e-05	0.0021248523404777155	0.003780745522774935	2.8357595482735482e-05	0.0006873677167583454	0.0	0.0	0.6290786308191805	0.028867866146285167	0.00044609313359053273	0.04354883924056057	1.208029293873642e-05	0.0	0.001576733689997467	0.0019137121181952042	0.005131741526572767	0.0010626230518807295	0.023977649293953133	0.0	0.00391967776236023	0.023050782729788506	0.01642379515618179	4.487079167439004e-05	6.0062596557184574e-05	0.003104557415683778	0.001172370157509547	6.248034324780691e-06	0.0018597411520618603	0.018507051804374685	5.5299278260271975e-05	0.0	0.0	0.0	0.0	2.2003756764646058e-05	0.0	0.0	0.01396979233719745	0.0	0.0	0.0	7.072107761044021e-05	0.0	0.0	0.0	0.0	0.0	0.0	0.0	0.0	0.002832415485924972	0.0	0.0	0.0	0.0	0.0	0.0	0.018589834749538486	0.0	0.006401278191983293	0.0	0.0	1.549663704914955e-05	0.0	2.1892638513919306e-05	0.0	0.0	0.0	0.0	0.0	0.0	0.0	0.0	0.0	0.0	0.0	0.0	0.0	0.0	0.0	0.0	0.0	1.537233252891568e-05	0.0	0.0	0.007447931245116382	0.0	0.0	0.0
sample_2022120210040	0.00023017228807569213	3.8327281550020366e-05	0.004020466122330803	0.0008679250453787697	7.955875764325593e-05	1.7236153460873704e-05	0.0	0.006302568084167871	0.0005019092686499993	0.0	0.0010646522942031596	0.10458847837982513	0.0027377747425530673	0.0	0.0002050553002568266	0.0	0.0016819724588746302	0.004278527608672234	0.0009820953403073933	0.0029728468673569587	0.0	0.0	0.00019131229103203955	0.0	0.03139635616668114	0.0	3.097555244661635e-05	0.00026186957181866086	1.4811877101526535e-05	1.6298990656921475e-05	0.0009475086086672061	0.013483290358020402	0.0	0.018016133584727097	0.004882331547786319	2.869081345826969e-05	0.00015047567096863388	0.016175001613231044	1.0375699360928623e-05	0.006153354169649262	0.03961426199920979	0.0	0.08140107717061734	0.0	0.00020261799697928192	0.0013797589736144963	0.0	0.0	0.0007211346052604002	0.0011203263895261033	0.0	0.00038197978566647845	0.0	1.1520449372188598e-05	0.001160988634023346	0.009169550693146929	0.0018589818577591267	0.0	2.9301564964890432e-05	0.0	9.383412165329864e-05	2.7432957405780924e-05	0.006947820768753824	0.007124801134924144	0.0	0.0014310255285355643	3.60679603589594e-05	0.0	0.010651211884046843	1.610181407235049e-05	0.0	0.0	0.0	0.005421203550625052	0.0	0.0	2.5875982334735066e-05	0.0	0.0	0.0	0.0	0.0	0.0	0.0	0.0026345407321236407	0.0020215151694592984	0.0	0.0	0.011042689203213408	0.0	0.0	0.0	0.02164961414990899	0.0	0.0	0.0	0.0008117968626472862	0.0	0.0	8.010250219423777e-05	0.0	0.057165817203155105	0.0	0.0	0.0	0.0	0.0	0.0029487119291746132	0.0	0.0	0.0	0.0	0.0	0.0	0.00029435568150311235	0.0009582239792067589	0.0025269201826575117	0.0004162166663992525	0.00046024749679074564	0.5058340199098023	0.0	0.0	0.0	0.0
sample_2022120210042	0.0005688433638201142	0.00021858762954614952	0.0009419382217759855	0.0024094937682157605	0.0	3.276699846808414e-05	0.0	0.0005189758746630335	5.841800198908747e-05	0.000161308821100644	0.00202397014927882	0.010032356924257265	0.0027951058511619066	0.0	0.0	0.0	0.001416357400437403	0.4572071533185627	0.005186178475959884	2.8117246632407167e-05	5.14465288325927e-05	2.1174924093930623e-05	0.0030418256900270222	2.0637807766857264e-05	0.01888372510389129	0.0	8.832967418197572e-05	0.0	0.0	0.0	0.0008863405476706819	0.031272461604642386	0.007854803212050981	0.029859720826192267	0.0029953409061476556	5.4543018705958795e-05	0.0010488998604853779	0.0025266648318166968	1.9724849041093196e-05	0.002741199274823082	0.001747505671019352	0.0	0.29865604170672616	0.002942491626260426	0.0004065888102981115	0.04027585743149257	1.6805511929516657e-05	0.002295820550889349	0.00027418433653992664	0.0	0.0	0.0	0.0059792620677861785	0.0	0.007400315082566354	0.0005318783960286264	0.0	0.0008114866230260491	0.0011976380481106392	0.0	0.0	0.0	0.0	0.03235053953278723	0.0	0.0013951120140865646	0.0	0.0	0.0	0.00015305274411711454	0.0	0.0	0.0	0.0028502065079356515	0.0	0.0	0.000245959249390281	0.0	0.00046925905080755963	0.0	0.0	0.0	0.0	0.0	0.0	0.0	0.000714640358305246	0.0	0.0	0.0	0.0	0.0	0.0	0.0	0.008371397886484956	0.0	0.0	0.00010779081273840077	0.0	0.0	0.0	0.0	0.0	0.0	0.0	0.0	0.0	0.0	0.0	0.0	0.0	0.0	0.0	0.0	0.0	0.0	0.0	0.0	0.0	0.0	0.003602680428550645	0.0	0.0022370748458838724	0.0
sample_2022120210044	0.00018041628802295038	2.731102753536766e-05	0.0027640039085456824	0.0017473974466104135	0.0024944263888089947	2.4564072521521903e-05	0.0	0.006986072610557024	0.00016057644530182493	4.03088652722434e-05	0.00044956659740219156	0.0	0.0	0.0	0.0	0.0	0.001753553936136843	0.03617493966018834	0.0011168775616004322	0.0011171522640685304	0.0	1.587397062284068e-05	0.0006692277951985986	3.0942633159646216e-05	0.06442896739421185	0.0007016598375193013	0.0	0.0	0.0	0.0	0.0028078501686512845	0.07922066541240001	0.006906961330362359	0.38081028853929083	0.005894395536625572	2.0444330113740687e-05	0.0	0.0068678566205618435	0.0	0.01691761450969067	0.006238253359078011	0.0	0.11778520203580203	0.0	0.0001764648521295981	0.003441131702748599	0.0	0.0	0.00020554473225835017	0.0	0.0	0.0	0.017805117149764994	0.0	0.001184160786091639	0.019717712114624995	0.0	4.679524472365413e-05	8.351814323602181e-05	0.0	0.0	6.516004829858577e-06	0.0	0.13476990938019529	0.0	0.0	0.0	0.0008940530040649363	0.0012350229740672703	9.178988328205088e-05	0.0	2.0028613246478157e-05	0.006751459788292305	0.010032503625041775	0.0	0.0	0.0008850506114310281	0.0	0.01856638996484475	0.0	3.0181752455605024e-05	0.0	0.0	0.0	0.0003218237911626156	0.0015134149815431092	0.0	0.0	0.010598703129716674	3.3253324333539844e-05	0.0	0.0	0.004492139852656062	0.0	0.0007160186709511542	0.0	0.0008939919905335006	8.080634373144879e-05	0.0	0.0005707896711180968	0.0	0.002015385288152429	0.0	0.0	0.0	0.0	0.0	0.00021736300358753157	0.0	0.0	0.0	0.0	0.0	0.0	0.0001290770646528257	0.000635167975875702	0.0007098589537939108	1.6031632958118003e-05	0.0022844140878222454	0.012650038265495163	0.0	0.0018250010987263152	0.0	0.0
sample_2022120210046	0.00045930707426828873	9.23056241044481e-05	0.0012663493182382597	0.0019338551459822076	0.0020364935282577504	2.3720424095146387e-05	0.0	0.0017641230627183859	2.8192995936078067e-05	0.0	0.0010853157940370714	0.01896060087558937	0.0	0.0	0.0	0.0	0.0028273924707352184	0.019932164274442755	0.00431407445166978	2.0354412844928506e-05	0.0	0.00015328782103121193	0.0008855926609212299	0.0	0.013891355539867556	0.0	2.131430432790848e-05	0.0022933613563951767	0.0	0.0	0.0006623304025635552	0.03789660551853773	0.0030428781653869166	0.09941171823555907	0.0015977413716167844	7.896869384573138e-05	0.005850147794884444	0.003371983029857889	0.0	0.002065147048447876	0.0034939210016246007	0.0	0.529970951635031	0.004457442072135313	0.0004182648549081235	0.07443706836854772	1.2165712110996558e-05	0.0	0.0006946986805208539	0.0	0.002569414963791984	0.0033418307354411646	0.0	1.5854462278680848e-05	0.01500636144462878	0.001291724165748089	0.0	0.0004066926380215797	0.0002419491851925477	0.0	0.0	1.88766416279118e-05	0.003844355811116284	0.016936191672267096	2.784514840294625e-05	0.0	0.00014891036760090608	0.0	0.015200309942096224	2.2159344273904428e-05	0.0	0.0	0.0	0.0	0.0	0.0	0.0007122114295996979	0.0	0.0	0.0	0.0	0.0	0.0	0.0	1.7265045216831955e-05	0.05421403151590823	0.0	0.0034623656810051874	0.0	0.0	0.0	6.570141276945472e-05	0.0	0.0	0.0038435214829244434	0.0012991178697562256	0.0	6.242485210736166e-05	0.0	0.0	0.0	0.0	0.0	0.0	0.0	0.0	0.0	1.749147602721305e-05	0.0	0.0	0.0	0.0	0.0	0.0	0.0	3.0667662591833766e-05	0.0	0.0	0.0	0.030756367062719017	0.006995164265844879	0.0	0.0	0.0
sample_2022120210047	0.00018980144338740895	0.00017382697895866958	0.0016576501877967713	0.004021530892933824	0.0013645762352613572	2.8426070163971308e-05	0.009398175050934527	0.04451331688327404	5.067886291136112e-05	0.00016326198394391993	0.0007153411141886888	0.025876205734291915	0.0	0.0	0.0	0.0	0.00137765604789226	0.08866907865533336	0.011877678016008777	0.000170746178798859	2.2315480615542053e-05	0.0	0.0017209882663052978	5.37112154641795e-05	0.09629525914203865	0.0008959732667080212	2.5542625540381372e-05	0.0	0.0	2.6880490073803106e-05	0.0011409770743561298	0.017406806695946842	0.00836121903642423	0.05492391696255571	0.009317069491332073	2.3658616125620286e-05	0.0026264263988802637	0.02481211501079682	6.844690927208257e-05	0.0037882871163859204	0.005125518561573764	0.0	0.2740506334912646	0.04358454932824987	0.0003527244663766576	0.12177675327066147	0.0	0.0	0.0007135822827291375	0.0	0.0	0.0	0.014624845710210575	0.0	0.027575669391126677	0.018322674746440927	0.0	0.00027076229088017397	0.0005074071547760016	0.0	0.0	1.5080920341694307e-05	0.0	0.0344740415900702	0.0	0.005385787977118178	0.0	0.0	0.0059506482875681605	0.0001327765204768182	0.0	0.0	0.0	0.0	0.0	0.0	0.0006401246871106499	0.0	0.0015831364768882899	0.0	0.0	0.0	0.0	0.0027253245059183054	0.0	0.017070447679433248	0.0	0.009424675215695103	0.0	0.0	0.0	0.0	0.0	0.0	0.0017546656704281092	0.0018315720399895259	0.0	7.480866357454744e-05	0.0	2.6421200679744408e-05	0.0	0.0	0.0	0.0	0.0	0.0	0.0	0.00014672998508736732	0.0	0.0	0.0	0.0	0.0	0.0	3.734268506541346e-05	0.0	0.0	0.0	0.0	0.0	0.0	0.0	0.0	6.375106536365754e-05
sample_2022120210048	0.0004075260413073502	0.0001641760934406432	0.0006629985160352151	0.007506382366475292	0.0018357350281584374	5.906527625668591e-05	0.0	0.0013693517819508834	2.340074931190918e-05	3.230808274717195e-05	0.0009008337701356821	0.0	0.005501716285019858	0.0	0.0	0.0	0.0016247022789648055	0.0549957893611388	0.017473240811812677	0.0	0.0	2.5446390164799103e-05	0.0005761277816703237	1.2400462600290912e-05	0.04247288231588926	0.0	1.7691297989968476e-05	0.0017675688619256374	1.6919235390264713e-05	1.8617927873554854e-05	0.00039513098193928573	0.10724657010560396	0.007066716580019158	0.007368463423164402	0.0037890206476653035	4.9159193981086695e-05	0.0	0.005132878846181595	0.0	0.0015992006458296609	0.02120017664832675	0.0	0.6179739838323139	0.0	0.00016715504839678945	0.0205015427066681	2.0195567718716932e-05	0.0	0.00016474679138687862	0.0	0.0	0.0017141375441205745	0.004474252007053018	0.0	0.006942880431594017	0.000989683235281026	0.004345702588038516	0.00015002800287181956	0.00023429309471188796	0.0	0.0	0.0	0.0	0.027105851548875726	0.0	0.0	4.119952570340178e-05	0.0	0.003329620136322466	0.00012874888607508682	0.0	0.0	0.0	0.012101469860882176	0.0	0.0	0.000206902395390126	0.0	0.0008145501356497645	0.0	2.419106936413338e-05	0.0	0.0	0.0	0.0	0.0013153249549041398	0.0	0.0	0.0	0.0	0.0	0.0	0.0	0.003902262132355754	0.0019748854301903165	0.0	0.0	2.5906936572285877e-05	0.0	0.0	0.0	0.0	0.0	0.0	1.407809576739285e-05	2.4210252821496428e-05	0.0	0.0	0.0	0.0	0.0	0.0	0.0	0.0	0.0	0.0	0.0	0.0	0.0	0.0	0.0	0.0	0.0	0.0
sample_2022120210049	0.0004717394836810816	0.00010182665786061452	0.0013754774184171865	0.0048313563939348155	0.0	2.616711096511349e-05	0.0	0.0	4.665152171010097e-05	6.440910090534454e-05	0.0012571258269196747	0.0	0.00523393457278685	0.0	0.0	0.0	0.0008054635534190914	0.021807256090050228	0.004713876686921049	0.00013472343767714277	0.0	1.6909897590511127e-05	0.0013993987477797548	0.0	0.01506392127763317	0.000618579135890531	0.0	0.0	0.0	0.0	0.0006393167312771924	0.05237238580653449	0.0034923673599453315	0.009793134592229955	0.0031159248521277316	6.533554900861199e-05	0.0008376317735463831	0.0038570541489343405	0.0	0.0007890835070213629	0.005914369055941125	0.0	0.289076402083344	0.012749942065647312	0.00025633753022493073	0.02133537676942695	2.6841133826372882e-05	0.0	0.0005473961832455087	0.0	0.001481640139886761	0.0	0.0	0.0	0.0030758363320187057	0.002986938394718838	0.003609813869798192	9.969815552780576e-05	0.00017793698660858976	0.0	0.0004680648334523739	0.0	0.0	0.007419606841014463	0.0	0.0	5.475666732375242e-05	0.0	0.002583399122130956	0.0001955600855038861	0.0	0.0	0.02842574712095646	0.0	0.0	0.0	0.00027498582664336774	0.0	0.0	1.727701109575048e-05	0.0	1.764762309970186e-05	0.0	0.0	3.809176026485842e-05	0.004622876577172669	0.0022827935947976673	0.0	0.014567637087992689	0.0	0.0	0.0	0.0	0.0026471958772144276	0.001503057648838643	0.0	0.0	8.607972319139361e-05	0.0	7.29646925547955e-05	0.0	0.037617566666173004	0.0	0.0	0.0	0.0	0.0	0.0003087306650584611	0.0	0.0	0.0	0.0	7.175625459498445e-05	0.1527837463322143	0.0	0.0	0.0004795313015290956	1.7077848886803955e-05	0.0	0.26571736869014917	0.0034569002131636228	0.0	0.0	0.0
sample_2022120210050	0.0004569690360372224	8.779901877782388e-05	0.0004972517144956823	0.01157163555272569	0.0	0.00010529087377050729	0.0011941429084558694	0.0005437943184861408	0.0	0.0	0.0019872310133557795	0.0	0.005574768474969337	0.04046620717944284	7.828911691464968e-05	0.00010697552933293005	0.0023445629971420353	0.016191187704132602	0.009847414047816956	6.776229753307853e-05	0.0	1.701045536750741e-05	0.00010624305860947738	1.6578973617286652e-05	0.038898351353875885	0.0	4.730526143828898e-05	0.0	0.0	4.978300325940589e-05	0.00022968519440172408	0.08184290324516566	0.0017395136232171325	0.01990676497260806	0.001978822137082125	4.381605247750427e-05	0.0	0.0019883226987689197	0.0	0.0006529447210546898	0.01463987914284134	0.0	0.6386239063682867	0.0037645581037558658	0.0002922434729549016	0.011589275928050135	0.0	0.0	0.004074820168049601	0.0	0.0	0.0009791981709297555	0.006093102415334268	1.7593806288916894e-05	0.0018251874825460826	0.0044657020563881305	0.0	0.0	2.2374390151781866e-05	0.002952773861912291	0.0	6.9825131951099035e-06	0.0016408108440379872	0.018434511090527985	0.0	0.0	0.0	0.0	0.006015652255039125	2.459037738345376e-05	0.0	0.0	0.026237574714928352	0.0	0.0	0.0	0.00011855189134335248	0.0	0.0	0.0	0.0	1.7752567895415466e-05	0.001810506904147063	0.0	1.9159139917522732e-05	0.006956011669812882	0.0014147271094850208	0.0	0.006883338876717124	0.0	0.0	0.0	0.0	0.0	0.0	0.0	0.0	3.463664475925035e-05	0.0	0.0	0.0	0.0	0.0	0.0	0.0	3.236823945471298e-05	0.0	3.88208235032775e-05	0.0	0.0	0.0	0.0	7.218296619445031e-05	0.0	0.0	0.0	0.0	0.0	0.0	0.0	0.0	0.0	0.002261879469835734	0.0
sample_2022120210052	0.0004818433474207401	0.00017384129610181106	0.0007705205877267565	0.0029032216372752396	0.0	0.0	0.0015542161195608406	0.0011760964709312534	0.0	0.0	0.0008804923480397163	0.0	0.0	0.019427973833125507	0.0005008072661259135	9.775874804814522e-05	0.0036864643849657077	0.03776630475797524	0.014592195517409496	2.064134795751061e-05	0.0	0.0	0.00029126815627555973	1.5150564945606335e-05	0.05987799765092784	0.0	0.00010807385490715652	0.0034553119768686836	0.0	2.2746903441674016e-05	0.00031484401886005186	0.03776731627415931	0.0	0.00958856624676868	0.0020687307580749647	8.008191146746848e-05	0.0	0.021375140170768296	0.0001013624251522956	0.0	0.04123522194698284	0.0	0.4698868926911266	0.00436026854910307	0.00028277407539195745	0.007593674451026771	0.0	0.0	0.0004025667497966741	0.0	0.0	0.0	0.0	0.0	0.0029863947870964226	0.0027962042765847864	0.0	4.5825084806025506e-05	2.0446660869250173e-05	0.0030806381967249225	0.0022636521813342364	6.3809148918459675e-06	0.0	0.0	0.0	0.0	0.0	0.0	0.004331917007641326	0.0	0.0	0.0	0.0	0.007801408865584626	0.0006423132969858494	0.0	3.611257187737137e-05	0.0	0.0	0.0	0.0	0.0	0.0022060233698381806	0.0	1.750842967261404e-05	0.003231916009114207	0.0	0.011260838128704655	0.0	0.0	0.0	6.662760221119555e-05	0.010495880460580111	0.0	0.0	0.0	0.0	0.0	0.0	4.4716483890370315e-05	0.0	0.0	0.0	0.0	0.0	0.0	0.0	0.0	0.021036637897574036	0.0	0.0	0.0	0.0	0.1775924070415422	0.0	0.0	0.0	0.0	0.0	0.0	0.007175783693766782	0.0	0.0	0.0
sample_2022120210053	5.163648966357317e-05	1.4330470261618834e-05	0.0007833795091489894	0.0028433686733689324	0.0	0.0	0.0	0.0017041455089729061	0.0	0.0	0.0004128140658972275	0.0	0.0	0.0	0.00023000892028953888	0.0	0.0016207508625822695	0.2187213588254606	0.008872214977345015	2.212019230224069e-05	0.0	0.0	0.0013525893002201215	3.247204695877971e-05	0.1947474609491285	0.0	0.0	0.0016378065406608734	0.0	0.0	0.0006748018837462158	0.07338068716112249	0.006780718676146922	0.012444816717316308	0.007208945301777455	0.0	0.0	0.01158850014521865	1.551778734332976e-05	0.001993542016904993	0.030048866375388252	0.0	0.15704755582734878	0.060615960757292364	1.6835186395541062e-05	0.06852993200993822	2.644221608740663e-05	0.0	0.006578980334006823	0.002303879077127293	0.0	0.0	0.0	1.7229863476038443e-05	0.0058559674680272915	0.029182497300264485	0.0	0.00019643284736294367	0.00013146934142988743	0.0	0.0	3.4190369922160696e-05	0.014247574277045726	0.04711439028390358	0.0	0.005817026685526215	0.0	0.0	0.0	4.816340912063717e-05	0.0	0.0	0.0	0.0	0.0	0.0	0.00030959878631968266	0.0	0.0	0.0	0.0	0.0	0.002763410095652548	0.0	0.0	0.011098398837334975	0.0	0.0	0.0	0.0	0.0	0.0	0.0	0.0	0.007425694966737329	0.0	0.0034215965060838613	3.392015637036237e-05	0.0	0.0	0.0	0.0	0.0	0.0	0.0	0.0	0.0	0.0	0.0	0.0	0.0	0.0	0.0	0.0	0.0	0.0	0.0	0.0	0.0	0.0	0.0	0.0	0.0	0.0
sample_2022120210056	0.00024142932465972733	0.00011596659804970963	0.0008109798206834783	0.0007892119496602537	0.0	6.953508482677469e-05	9.559069393801818e-05	0.029113219899348834	0.0	0.0	0.0012408013846971111	0.32388977535997965	0.0016362798277656351	0.009692466431336179	0.0	0.0	0.0003096742975907458	0.0005686814336902798	0.00042421689198289845	0.0	0.0	1.797418392784594e-05	0.00018242618332522375	8.759128274168048e-06	0.0019193679278253603	0.0001369815998652109	7.497801659126657e-05	0.00021128986732795856	1.1950985851180717e-05	0.0	0.002014393611225352	0.008730830371356607	0.0001441620307003497	0.003172126161741881	0.0026847572609094116	1.1574613512804115e-05	0.00015176440858631363	0.0029034255646701937	0.0	0.00022321502523587358	0.0	0.0	0.12093505405765383	0.004047220331201152	0.0003360476548814232	0.0011401943783033066	1.4265239444675157e-05	0.00038079823535414834	0.04840980076406737	0.0	0.0	0.0	0.0005874368217726797	1.8590584637254356e-05	0.0001928593609360417	0.001230650364862224	0.0	0.0001854527921580289	0.0	0.0002600052896130694	0.0	3.689053988738317e-06	0.16014265720222637	0.006603828849925315	1.6325296280087795e-05	0.09198513707949046	2.910148936399468e-05	0.004017728804282168	0.0015255526708766087	0.0020527002102706496	0.0	0.0	0.0	0.0015862144211327847	0.0	0.0	8.351230479381995e-05	0.0	0.13848509420900282	0.0	3.417496370575243e-05	0.0	0.00016373218348282064	0.0	1.0122301177036338e-05	0.0	9.749208095415676e-05	0.0	0.0	1.8826460687893106e-05	0.00586233580519478	0.0	0.0	0.0	0.0	0.0	0.0004168178947403031	0.0	0.0	2.5852330904604925e-05	0.0	0.0	0.004457788178895399	0.0014268094046393832	0.0	0.0001197072252820521	0.0	1.0255055005923118e-05	0.0	0.005795712066919413	6.411596258268263e-05	0.003373850948511613	0.00015254499457020127	0.0	0.0	0.0	5.881296464694718e-05	0.0	0.0	0.0	0.0	0.0	0.0013259735575041145	0.0007173522149395632
sample_2022120210058	0.0005485325898796767	0.00023748203698784526	0.0008906588635258251	0.0037296613767538274	0.0	6.57218432435966e-05	0.0	0.0022628846278549605	0.0	0.0	0.0014283578255056143	0.0	0.0	0.04836778035778459	0.000781880500793862	0.0	0.006241227266278761	0.012774979998626737	0.047187654751862686	0.0	0.0	2.1235619786045846e-05	0.0008621104765957968	2.069696387153059e-05	0.042063689294399784	0.0	0.0	0.001452384878702947	0.0	0.0	0.0006308188803607699	0.03375504724705778	0.0059186336588609775	0.005930845229198357	0.008636289365187115	2.7349680265321855e-05	0.002581952125699752	0.012997048075164348	7.912555298252346e-05	0.001758117614859897	0.009179838968516834	3.620233640561388e-05	0.6187455936846273	0.01715908804155277	0.0003219112534309633	0.047625250705884865	6.741473264546242e-05	0.0	0.002199762056750897	0.0	0.0	0.0	0.007217890084683306	2.1963867096376762e-05	0.008962253736434085	0.0	0.007253185010931779	0.0003130048707903737	0.00041897823892075257	0.0	0.0	8.716873955393099e-06	0.004916077949287828	0.0	0.0	0.0	0.0	0.0	0.0	0.00018418974444665576	0.0	2.6793549380265864e-05	0.01695453862356003	0.0	0.0	0.0	0.0002959971188417342	0.0	0.0	0.0	0.0	2.2162062914148072e-05	0.0	0.0	0.0	0.0021709474534350715	0.0016893378850200633	0.004728041448949916	0.0	0.0	0.0	0.0	0.0	0.0	0.006564183600476829	0.0	0.001477349909446358	2.161995675250278e-05	0.0	3.054326537867051e-05	7.065666324364137e-05	0.0	0.0	0.0	0.0	0.0	0.0	0.0	0.0	0.0	0.0	0.0	0.0	0.0	0.0	0.0	0.0	6.433960414885395e-05	0.0	0.0	0.0	0.0	0.0	0.0
sample_2022120210065	0.00019306420012198277	2.296300373567911e-05	0.004580074118758998	0.0010895226972310792	0.0003431951711838335	0.00012392024906673479	0.0	0.018290040557275823	0.0003927622951228315	0.0	0.0013229783481324606	0.0	0.04021727282521269	0.0	0.0	0.0	0.0	0.006280607684829886	0.0006894410283907515	0.0013823619126720505	0.0	8.00806296080163e-05	0.0009586469485268154	2.601644335485244e-05	0.04550467481211387	0.0003661776069262931	3.7116732404727546e-05	0.0	0.0	0.016327423715983422	0.001802159768011828	0.03436383843305978	0.0	0.024195017572725644	0.011377648423374506	6.875804700754427e-05	0.0009315955536983269	0.014300742882621039	0.0	0.0029734335599211396	0.004405882913142548	0.0	0.051232904312372235	0.0	0.00016185921649496202	0.0019733037110605477	0.0	0.0	0.0013825695715286841	0.0	0.0006101426674477484	0.0	0.0016401216354690038	5.521792546127047e-05	0.0016366647071956303	0.007656640930126373	0.0	0.0	3.5110861952048224e-05	0.0	0.0	3.287178625322249e-05	0.0	0.006914553280466088	0.0	0.0	0.0	0.0	0.0016614438767889252	7.71765701592054e-05	0.0	0.0	0.00361367559430503	0.0	0.0	0.0	0.0001860367618010441	0.0008488632026715968	0.0007887434332175875	0.0	0.0	2.7858098318744852e-05	0.0	0.000628308630906872	0.0003908495766190566	0.14389680216324824	0.0	0.0010766721534925744	0.005940898397075821	0.00027959263338077367	0.0	0.000686474693856178	0.002120406112925562	0.0	0.0	0.0	0.0	0.0	0.0006259689523463509	7.678683100852728e-05	0.0	0.009319903805307242	0.0	0.0	0.0	0.0	0.0	0.00039597556298396215	0.0	0.0	0.0	0.0	0.0	0.0	0.00021705496902121133	0.0003204280304121743	0.0	0.0003504626701711898	0.0019017092211637467	0.5168319491117733	0.0014786646227316854	0.0	0.0	0.00027791558427049385
sample_10810599	0.001131897731414472	0.00012934809586191492	0.000273005905193659	0.0056855098836323505	0.0012274164907076486	0.00016619744027040432	0.0007996574736353129	0.0004577907304063717	1.9753456933718315e-05	2.7272473742217865e-05	0.005399037612170954	0.07041951621076552	0.00791959450724603	0.01848277395019494	9.886099614373064e-05	6.75426407248016e-05	0.005355273961386298	0.0028141573544663407	0.008513192249743576	8.556806487434604e-05	2.6094185621251305e-05	6.444077908007057e-05	0.0003354008520411679	4.187079664297215e-05	0.0022524341274911324	0.00032740294080976947	0.00011947114625720731	0.0018823058145145178	5.7128664245455934e-05	6.286438635675188e-05	2.9003912692968294e-05	0.04694329777489335	0.004651628273333246	0.02333419544049885	0.00021989381810411812	0.0001383237787614348	0.00592468276222271	0.00043590110996176207	6.0027825073014447e-05	0.0005335114772134611	0.004136309662601998	1.8309698406114947e-05	0.761012502868047	0.00525125062824704	0.0007163634620262257	0.003411871299207364	3.4095684019882204e-05	0.003935081093807118	0.0012516209394523498	0.0017554235071797937	0.0019639240616754344	0.0	0.0	0.0	0.0	0.0	0.0	0.0	0.0	0.0	0.0	0.0	0.0	0.0	0.0	0.0	0.0	0.0	0.0	0.0	0.0	0.0	0.0	0.0	0.0	0.0	0.0	0.0	0.0	0.0	0.0	0.0	0.0	0.0	0.0	0.0	0.0	0.0	0.0	0.0	0.0	0.0	0.0	0.0	0.0	0.0	0.0	0.0	0.0	0.0	0.0	0.0	0.0	0.0	0.0	0.0	0.0	0.0	0.0	0.0	0.0	0.0	0.0	0.0	0.0	0.0	0.0	0.0	0.0	0.0	0.0	0.0	0.0	0.0
sample_10816884	0.0010056494453137097	0.00023662309220352434	0.0004840567933452375	0.00625468323180671	0.0	6.548413501443511e-05	0.0	0.0	1.945785143779662e-05	0.0	0.003146002533099443	0.0	0.012135012983145933	0.0	0.0	6.653188215862705e-05	0.002787672248031588	0.0014143082653765154	0.0037123629482556974	0.0	0.0	6.347643909029243e-05	0.00026430533037435255	0.0	0.0021576611381690573	0.0	8.826246803697168e-05	0.0009044573576682798	0.0	0.0	0.0002856987646204208	0.04591567252798821	0.006745748472834209	0.008737202252900004	0.0019297372670857287	2.7250759666885412e-05	0.007408174078884297	0.00044655307829779656	3.941968255055175e-05	0.0	0.0	0.0	0.6801435881780146	0.03163494231829565	0.0006414938760681543	0.013105058956548989	5.037817607482765e-05	0.0038234562708418223	0.008219271653907597	0.0	0.0	0.0007256147931773137	0.005725766348574557	2.1884426354983273e-05	0.0007135221895523681	0.0009600815465442517	0.0037777244324102258	6.237455374780498e-05	2.7830856238469873e-05	0.0023567582069481496	0.001018564397255199	8.685346040631483e-06	0.028301271958025755	0.1123018309303314	3.8435557690737375e-05	0.0	0.0	0.0	0.0	0.0	0.0	0.0	0.0	0.0	0.0	0.0	0.0	0.0	0.0	0.0	0.0	0.0	0.0	0.0	0.0	0.0	0.0	0.0	0.0	0.0	0.0	0.0	0.0	0.0	0.0	0.0	0.0	0.0	0.0	0.0	0.0	0.0	0.0	0.0	0.0	0.0	0.0	0.0	0.0	0.0	0.0	0.0	0.0	0.0	0.0	0.0	0.0	0.0	0.0	0.0	0.0	0.0	0.0	0.0
