Variable	Bacteria R2	Bacteria P	Bacteria Q	Fungi R2	Fungi P	Fungi Q	Virus R2	Virus P	Virus Q	Pathway R2	Pathway P	Pathway Q
Age	0.025	0.533	0.736	0.025	0.519	0.776	0.020	0.729	0.872	0.014	0.871	0.920
Sex	0.026	0.497	0.721	0.028	0.444	0.776	0.033	0.269	0.488	0.031	0.341	0.620
Height	0.016	0.938	0.972	0.018	0.729	0.880	0.020	0.782	0.872	0.012	0.888	0.920
Weight	0.015	0.956	0.972	0.048	0.115	0.773	0.017	0.881	0.946	0.013	0.886	0.920
BMI	0.018	0.862	0.972	0.047	0.122	0.773	0.027	0.443	0.623	0.017	0.757	0.920
Alcohol use	0.029	0.386	0.658	0.041	0.160	0.773	0.030	0.354	0.570	0.030	0.385	0.620
Smoking status	0.107	0.025 *	0.331	0.063	0.344	0.776	0.112	0.019 *	0.276	0.123	0.034 *	0.123
Probiotics use	0.014	0.972	0.972	0.061	0.038 *	0.773	0.015	0.964	0.988	0.020	0.668	0.920
NSAID use	0.015	0.944	0.972	0.029	0.422	0.776	0.020	0.774	0.872	0.010	0.969	0.969
ESR	0.034	0.262	0.543	0.044	0.153	0.773	0.040	0.155	0.305	0.030	0.375	0.620
CRP	0.044	0.116	0.414	0.034	0.294	0.776	0.043	0.152	0.305	0.058	0.065 .	0.171
WBC	0.017	0.909	0.972	0.029	0.429	0.776	0.024	0.594	0.749	0.029	0.411	0.627
Platelet	0.027	0.496	0.721	0.022	0.626	0.797	0.030	0.376	0.574	0.030	0.360	0.620
Rheumatoid factor	0.028	0.437	0.704	0.010	0.970	0.970	0.024	0.581	0.749	0.014	0.835	0.920
Anti-CCP	0.037	0.196	0.437	0.023	0.608	0.797	0.034	0.286	0.488	0.024	0.530	0.769
DAS28-ESR (baseline)	0.046	0.113	0.414	0.029	0.436	0.776	0.049	0.088 .	0.305	0.067	0.041 *	0.132
DAS28-CRP (baseline)	0.057	0.052 .	0.331	0.031	0.413	0.776	0.060	0.042 *	0.276	0.089	0.014 *	0.087
CDAI (baseline)	0.054	0.057 .	0.331	0.027	0.492	0.776	0.056	0.057 .	0.276	0.082	0.018 *	0.087
SDAI (baseline)	0.057	0.047 *	0.331	0.029	0.447	0.776	0.058	0.047 *	0.276	0.086	0.012 *	0.087
Tender joint count	0.043	0.130	0.414	0.023	0.632	0.797	0.046	0.103	0.305	0.078	0.023 *	0.095
Swollen joint count	0.056	0.048 *	0.331	0.026	0.535	0.776	0.070	0.021 *	0.276	0.089	0.014 *	0.087
Patient VAS	0.050	0.094 .	0.414	0.014	0.896	0.928	0.044	0.145	0.305	0.054	0.106	0.256
Physician VAS	0.024	0.567	0.747	0.047	0.131	0.773	0.013	0.988	0.988	0.014	0.829	0.920
DAS28-ESR (follow-up)	0.041	0.157	0.414	0.018	0.773	0.880	0.047	0.108	0.305	0.046	0.168	0.375
DAS28-CRP (follow-up)	0.034	0.304	0.553	0.026	0.507	0.776	0.042	0.158	0.305	0.067	0.060 .	0.171
CDAI (follow-up)	0.040	0.194	0.437	0.027	0.469	0.776	0.054	0.069 .	0.286	0.089	0.015 *	0.087
SDAI (follow-up)	0.043	0.147	0.414	0.030	0.395	0.776	0.058	0.056 .	0.276	0.098	0.012 *	0.087
Delta DAS28-ESR	0.023	0.607	0.765	0.016	0.810	0.880	0.027	0.451	0.623	0.017	0.740	0.920
Treatment response (Good_Rx)	0.033	0.305	0.553	0.016	0.819	0.880	0.044	0.123	0.305	0.038	0.239	0.495
