	saliva swab	Pt number	ID	Age	Sex	Height	Weight	BMI	Alcohol (종류, 양)	Smoking (Current, Ex, Never) - 양도 같이	diagnosis	whole saliva(cc)	antibiotics 복용유무	probiotics 복용유무	Disease activity	DAS-28 ESR	DAS-28 CRP	CDAI	SDAI	TJC (0/28)	SJC (0/28)	PtVAS	PhVAS	ESR	CRP	WBC	Plt	RF	Anti-ccp	Steroid	NSAIDs	DMARDs	F/U activity	DAS-28 ESR.1	DAS-28 CRP.1	CDAI.1	SDAI.1	Delta_DAS28_ESR	Good_Rx
0	2022120210005	5	726735	F	68	150.5	56.85	25.1		Never	OA	0.75	No	No										2.0	<0.6	7390.0	255.0			no	no	no							
1	2022120210006	6	658131	M	70	167.4	72.7	25.94		Ex, 10PY	OA	1.5	No	No										2.0	<0.6	6170.0	248.0			no	no	no							
2	2022120210007	7	30060625	F	69	156.6	60.6	24.71		Never	OA	0.75	No	No										11.0	<0.6	5100.0	259.0	<10	<8	no	Yes	no							
3	2022120210008	8	30036818	F	53	153.7	41.1	17.4	3회/주,맥주 1병	Current,20PY(2/3갑/일)	OA	1.5	No	Yes										10.0	2.6	6270.0	270.0	<10	<8	no	no	no							
4	2022120210009	9	30060211	F	72	160.0	64.95	25.37		Never	OA	1.5	No	Yes										5.0	0.7	6880.0	238.0	<10	<8	no	Yes	no							
5	2022120210010	10	6124555	F	76	148.7	53.4	24.15		Never	OA	1.0	No	No										10.0	<0.6	6480.0	299.0	<10	<8	no	Yes	no							
6	2022120210012	12	9518663	F	78	152.2	65.3	28.19		Never	OA	1.0	No	No										2.0	<0.6	4030.0	187.0	<10	<8	no	 Ultracet 	no							
7	2022120210015	15	9109498	M	60	164.0	82.0	30.49	2회/주,소주 1병	Current,40PY(1갑/일)	OA	1.5	No	No										2.0	0.9	6440.0	208.0	<10	<8	no	Yes	no							
8	2022120210017	17	6336973	F	60	162.8	67.7	25.54		Never	OA	1.5	No	Yes										2.0	<0.6	4280.0	225.0	<10	<8	no	no	no							
9	2022120210018	18	1274627	F	61	160.8	53.6	20.73		Never	OA	1.5	No	Yes										2.0	<0.6	6180.0	265.0	<10	<8	no	Airtal	no							
10	2022120210019	19	9554758	F	60	146.0	52.0	24.39		Never	OA	1.5	No	No										14.0	7.7	7200.0	314.0	<10	<8	no	no	no							
11	2022120210022	22	10750943	F	49	158.0	46.0	18.43		Never	OA	1.0	No	No										13.0	<0.6	4660.0	283.0	<10	<8	no	no	no							
12	2022120210024	24	30063563	F	60	150.1	55.55	24.66		Never	OA	1.5	No	Yes										3.0	1.1	5650.0	184.0	24	<8	no	no	no							
13	2022120210027	27	9748617	M	62	175.2	75.6	24.63	1회/주,맥주1잔	Never	OA	1.5	No	No										3.0	<0.6	6210.0	199.0	<6.0	negative	no	no	no							
14	2022120210030	30	30031765	F	57	152.3	80.8	34.83		Never	OA	1.5	No	Yes										3.0	2.1	9000.0	284.0	<10	<8	no	no	no							
15	2022120210031	31	30072531	F	46	162.0	62.5	23.81	1회/달, 맥주 500cc	Never	OA	1.0	No	Yes										2.0	<0.6	7570.0	254.0	<10	<8	no	no	no							
16	2022120210032	32	9863462	F	68	156.9	60.8	24.7		Never	OA	1.5	No	No										2.0	0.7	6280.0	346.0	<10	<8	no	no	no							
17	2022120210034	34	9916947	F	58	154.1	75.5	31.79		Never	OA	1.5	No	Yes										15.0	1.5	6900.0	360.0	<10	<8	no	no	no							
18	2022120210035	35	30073558	M	59	174.4	105.6	34.72		Never	OA	1.5	No	No										23.0	<0.6	8900.0	220.0	<10	<8	no	no	no							
19	2022120210036	36	3704643	F	71	151.4	50.5	22.03		Never	OA	1.5	No	No										5.0	<0.6	3900.0	244.0	<10	negative	no	pelubi	no							
20	2022120210038	38	9511636	F	63	153.0	49.8	21.27		Never	OA	1.5	No	No										8.0	0.7	6050.0	180.0	8.5	negative	no	no	no							
21	2022120210041	41	9728127	F	67	153.7	52.3	22.14		Current,12PY(2/5갑/일)	OA	1.5	No	No										4.0	0.8	7380.0	231.0	<10	<8	no	no	no							
22	2022120210045	45	9649812	F	52	152.3	50.65	21.84	1-2회/달,소주 3-4잔	Never	OA	1.5	No	Yes										8.0	0.7	4710.0	154.0	<10	<8	no	no	no							
23	2022120210054	54	30084791	F	71	158.7	57.8	22.95		Never	OA	1.5	No	No										2.0	1.1	4500.0	162.0	18	<8	no	no	no							
24	2022120210055	55	Other	M	72	169.7	75.25	26.1	3회/주,맥주 1000cc	Never	OA	1.5	No	No																no	no	no							
25	2022120210057	57	9741729	F	71	157.1	57.5	23.3		Never	OA	1.5	No	Yes										4.0	1.2	7860.0	171.0	<10	negative	no	 Celebrex 	no							
26	2022120210059	59	9565854	F	55	160.1	67.75	26.43		Never	OA	0.75	No	Yes										12.0	<0.6	10360.0	430.0	<10	<8	no	no	no							
27	2022120210060	60	9836159	M	68	154.7	64.05	26.76		Never	OA	1.5	No	No										3.0	2.5	7600.0	305.0	<10	<8	no	no	no							
28	2022120210061	61	30033696	F	63	153.3	56.65	24.11		Never	OA	1.0	No	No										2.0	<0.6	6800.0	217.0	<10	<8	no	no	no							
29	2022120210062	62	30089123	F	70	153.1	55.95	23.87		Never	OA	1.5	No	No										4.0	<0.6	5380.0	234.0	<10	<8	no	Yes	no							
30	2022120210070	71	10494588	F	53	165.5	53.75	1.57		Never	OA	1.5	No	Yes										2.0	0.6	6250.0	239.0	<10	<8	no	no	no							
31	2022120210071	70	30096033	F	57	156.7	56.65	1.57		Never	OA	1.5	No	Yes										6.0	0.6	6970.0	271.0	<10	<8	no	no	no							
32	2022120210102	신촌 2	5192784	68	F	163.0	60.0	22.58		Never	OA		No	No												6070.0	243.0	7.4		no	no	no							
33	2022120210103	신촌 3	5192779	69	M	164.0	61.0	22.68		Never	OA		No	No												7400.0	228.0	5.5		no	Airtal	no							
34	2022120210001	1,PBMC21	9703121	F	61	152.3	42.6	18.37		Never	SNRA	0.75	No	Yes		5.589460439473185	4.992632211290659	22.0	25.22	6.0	0.0	100.0	60.0	56.0	32.2	6170.0	326.0	12	<8	no	no	no		1.6052030263919617	2.249201306528465	5.5	5.56	3.984257413081223	Y
35	2022120210004	4,PBMC22	9939014	M	72	169.3	69.45	24.23	1-2회/달,맥주1-2잔	Ex 17.5PY	SNRA	1.5	No	No		4.318613496726915	3.2335471389921753	10.5	12.07	1.0	1.0	30.0	55.0	79.0	15.7	7560.0	254.0	<10	<8	no	 Celebrex 	no		2.621107285416508	1.6892013065284648	3.5	3.56	1.6975062113104067	Y
36	2022120210037	37	9867619	F	73	148.6	56.4	25.54		Never	SNRA	0.75	No	No		6.313655393623275	5.760670935394057	29.0	34.37	9.0	4.0	80.0	80.0	68.0	53.7	10830.0	402.0	<10	<8	no	 Celebrex 	no		2.3385661336328036	2.341160901457398	5.5	5.56	3.9750892599904715	Y
37	2022120210043	43	9964946	M	48	170.8	69.2	23.72	1-2회/달,소주1병	Never	SNRA	1.5	No	Yes		4.284794403388976	3.875260964809167	16.0	16.89	3.0	1.0	60.0	60.0	23.0	8.9	7630.0	292.0	<10	<8	no	no	no		2.158977054306248	2.519149758767036	7.5	7.56	2.125817349082728	Y
38	2022120210051	51,PBMC35	171116	M	55	169.2	67.6	23.61		Never	SNRA	1.5	No	No		5.296835748643444	4.794050052728801	24.0	24.73	5.0	4.0	90.0	60.0	24.0	7.3	7430.0	240.0	<10	<8	no	no	no		2.9241800806982097	3.0006114424237884	9.0	9.18	2.372655667945234	Y
39	2022120210066	66	30078607	F	46	163.2	63.8	23.95		Never	SNRA	1.5	No	No		3.3230163160504826	3.967014596186986	22.0	22.06	6.0	5.0	60.0	50.0	2.0	0.6	7450.0	309.0	12	<8	no	no	no							
40	2022120210069	69	2337992	M	73	159.0	53.0	20.96	2회/주,소주 반병	Ex 36PY	SNRA	1.5	No	Yes		6.910073762941839	6.535493494502392	38.5	44.99	13.0	11.0	80.0	65.0	58.0	64.9	4970.0	284.0	<10	<8	no	ultracet	no		6.512970972107412	6.076863765168561	33.5	38.77	0.39710279083442757	N
41	2022120210002	2,PBMC19	9740439	M	58	167.2	58.9	21.07	3-4회/주,소주 1병	Current,40PY(1갑/일)	SPRA	1.0	No	No		5.444486899994875	4.7851128210876155	22.5	25.0	5.0	4.0	60.0	75.0	54.0	25	6170.0	247.0	>650	384	no	no	no		3.5991050987997957	3.143574157728964	9.0	9.63	1.8453818011950789	N
42	2022120210003	3,PBMC20	30049484	F	70	146.6	41.5	19.31		Never	SPRA	1.5	No	No		4.893460766763456	3.627364767794966	14.0	15.56	1.0	2.0	50.0	60.0	102.0	15.6	8540.0	366.0	164	>500	no	 Celebrex 	no		4.006317185036929	2.957052075523854	7.0	7.44	0.8871435817265274	N
43	2022120210011	11,PBMC25	30059832	M	62	159.7	59.4	23.29	5회/주, 소주 1병	Ex, 37.5PY	SPRA	1.5	No	Yes		4.391614938236014	3.896538952848428	18.5	18.74	4.0	2.0	70.0	55.0	15.0	2.4	7960.0	307.0	79	>500	no	no	no		4.085362904554638	3.5730256938056137	16.0	16.11	0.30625203368137566	N
44	2022120210013	13,PBMC24	9776149	F	67	154.5	64.55	27.04		Never	SPRA	1.0	No	Yes		4.900338636131837	4.719898302403356	28.5	28.64	8.0	7.0	80.0	55.0	8.0	1.4	6120.0	264.0	85	>500	no	no	no		0.48520302639196167	1.2095329850015804	1.0	1.1	4.415135609739875	Y
45	2022120210014	14	9920772	F	51	164.3	58.6	21.71		Never	SPRA	1.5	No	No		4.167662617622958	3.5817310524014627	20.5	20.6	5.0	1.0	60.0	85.0	13.0	1	8080.0	204.0	188	>500	no	no	no		2.5041800806982097	2.379149758767036	6.0	6.06	1.6634825369247483	Y
46	2022120210016	16	9896144	F	63	167.0	64.0	22.95		Never	SPRA	1.5	No	Yes		4.089188480230353	3.4446625412330834	15.5	15.72	3.0	2.0	50.0	55.0	18.0	2.2	6090.0	179.0	186	50.9	no	Yes	no		1.455609079175885	1.1716031993647629	2.5	2.58	2.6335794010544684	Y
47	2022120210020	20	30037699	F	49	155.5	49.3	20.39		Never	SPRA	1.0	No	No		3.8000489775423665	2.249201306528465	8.5	8.56	1.0	1.0	20.0	45.0	46.0	0.6	5060.0	283.0	220	>500	no	no	no							
48	2022120210021	21,PBMC26	7093110	F	83	146.7	54.8	25.46		Never	SPRA	1.5	No	No		6.194397184752734	5.102322992307338	26.5	28.94	6.0	5.0	70.0	85.0	99.0	24.4	6460.0	307.0	23	>500	no	 Celebrex 	no		2.587424145152009	1.921160901457398	4.5	4.56	3.6069730396007254	Y
49	2022120210023	23,PBMC27	750206	F	65	163.9	62.6	23.3		Never	SPRA	1.5	No	No		6.17446629943909	5.4798146719102405	28.0	32.25	7.0	4.0	80.0	90.0	74.0	42.5	7410.0	372.0	67	>500	no	Naxozol 	no		3.8606635383990398	3.4230972351539553	10.0	10.74	2.3138027610400504	N
50	2022120210025	25,PBMC28	10823624	F	40	155.8	88.1	36.29		Never	SPRA	1.5	No	No		4.809611907362848	4.5125993238817745	20.5	21.87	4.0	3.0	70.0	65.0	24.0	13.7	7950.0	295.0	16	>500	no	Luckyfen, Ultracet	no		1.595609079175885	1.5899515591288162	3.0	3.29	3.2140028281869633	Y
51	2022120210026	26	30057353	F	28	154.2	70.5	29.65		Never	SPRA	1.5	No	No		4.409448898931586	3.633190750445985	13.0	14.0	3.0	1.0	40.0	50.0	41.0	10	8870.0	420.0	59	>500	no	 Celebrex 	no		0.9704060527839233	1.1292013065284647	2.0	2.06	3.4390428461476628	Y
52	2022120210028	28	8724044	F	21	166.2	78.75	28.51		Never	SPRA	1.5	No	No		5.6424770324977445	4.74827833715686	24.0	24.85	6.0	5.0	70.0	60.0	45.0	8.5	10160.0	357.0	55	367	no	no	no		4.559500446693016	3.711000847841039	15.0	15.8	1.0829765858047287	N
53	2022120210029	29	30066138	F	49	159.9	69.15	27.05		Never	SPRA	1.0	No	Yes		4.306235068999703	3.8973791713928136	20.0	20.06	5.0	2.0	80.0	50.0	9.0	0.6	6100.0	214.0	91	>500	no	no	no		2.0904060527839237	2.249201306528465	5.5	5.56	2.215829016215779	Y
54	2022120210033	33	30069897	F	51	149.4	48.7	21.82		Never	SPRA	1.5	No	No		4.8691988890918605	4.025320141908198	18.0	19.75	3.0	3.0	40.0	80.0	59.0	17.5	8400.0	375.0	23	78.8	no	no	no		2.5271455038708623	1.8269796125385311	2.5	2.77	2.342053385220998	Y
55	2022120210039	39	30063829	F	59	153.2	60.2	25.65		Never	SPRA	1.0	No	No		6.760371937077552	5.938789404521097	38.5	39.28	18.0	4.0	90.0	75.0	39.0	7.8	9690.0	245.0	253	>500	no	Yes	no		3.1032493408393513	2.3295329850015802	6.0	6.1	3.6571225962382004	Y
56	2022120210040	40,PBMC29	9593278	M	61	172.2	64.95	21.9	1-2회/달,소주1병반	Current,4PY(1/10갑/일)	SPRA	1.5	No	No		6.775587708431664	5.916982342896735	37.0	37.86	11.0	10.0	100.0	60.0	43.0	8.6	7550.0	251.0	126	>500	no	Yes	no		2.93565631824849	1.9318777661201474	9.0	9.09	3.839931390183174	Y
57	2022120210042	42	9871924	F	43	160.0	80.0	31.25		Never	SPRA	1.5	No	Yes		3.919748957489232	3.809407255232859	17.0	17.35	2.0	2.0	80.0	50.0	10.0	3.5	6830.0	283.0	227	>500	no	Yes	no		1.7566065387038703	2.0799515591288165	3.0	3.29	2.1631424187853616	Y
58	2022120210044	44,PBMC30	6147267	F	64	143.2	54.9	26.77		Never	SPRA	1.5	No	Yes		4.892807434290715	4.126373600047633	23.0	23.06	5.0	3.0	90.0	60.0	15.0	0.6	5250.0	317.0	41	18.8	no	no	no		2.0904060527839237	2.249201306528465	6.5	6.56	2.802401381506791	Y
59	2022120210046	46	30075525	F	54	151.8	54.1	23.48		Never	SPRA	1.5	No	No		5.345915936561758	3.9863736000476333	21.5	21.56	5.0	3.0	80.0	55.0	35.0	0.6	6920.0	416.0	15	98.3	no	no	no		1.611809565095832	1.1292013065284647	0.5	0.56	3.7341063714659257	Y
60	2022120210047	47,PBMC31	9611237	F	51	161.2	49.45	19.03		Never	SPRA	1.5	No	No		6.054909547499886	4.930309117912801	27.0	27.64	8.0	6.0	70.0	60.0	55.0	6.4	7810.0	415.0	211	242	no	no	no		4.18971929284264	3.646445192329154	11.0	12.12	1.8651902546572456	N
61	2022120210048	48,PBMC32	30000627	F	48	157.5	77.25	31.14		Never	SPRA	1.5	No	No		5.140941710442472	4.263182025024419	19.0	19.51	5.0	1.0	80.0	50.0	35.0	5.1	8670.0	444.0	155	75.9	no	Yes	no		5.016817964627975	4.137447660303925	18.0	18.35	0.12412374581449637	N
62	2022120210049	49,PBMC33	30078889	F	75	147.2	55.9	25.8		Never	SPRA	1.5	No	No		6.62315343260132	5.762470542376268	36.0	37.23	10.0	9.0	90.0	80.0	51.0	12.3	6140.0	305.0	266	86	no	no	no		3.091394249780534	2.6695302332126354	8.0	8.17	3.5317591828207866	Y
63	2022120210050	50,PBMC34	9741508	F	62	150.9	55.4	24.33		Never	SPRA	0.5	No	No		6.779773290983437	5.8962411682404	30.0	34.17	8.0	7.0	90.0	60.0	96.0	41.7	7540.0	545.0	96	44.4	no	Naxozol 	no		2.3770125914877935	1.4092013065284648	3.5	3.56	4.402760699495643	Y
64	2022120210052	52,PBMC36	30011702	F	44	164.3	63.85	23.65		Never	SPRA	1.5	No	No		4.012543157122643	2.8092013065284647	13.0	13.06	1.0	1.0	60.0	50.0	28.0	0.6	3790.0	163.0	99	<8	no	no	no		2.508463256919277	1.1292013065284647	2.0	2.06	1.504079900203366	Y
65	2022120210053	53	9565456	M	63	164.0	77.75	28.91		Never	SPRA	1.5	No	Yes		6.283442287347314	5.678066096213687	25.5	39.67	5.0	4.0	80.0	85.0	120.0	141.7	14370.0	412.0	11	46.5	no	Yes	no		2.378057204135354	2.3493802692582175	4.5	4.86	3.90538508321196	Y
66	2022120210056	56	9694254	M	72	166.6	54.95	19.8		Ex, 30PY	SPRA	1.0	No	No		8.410109929920141	7.7868916674175646	56.0	69.48	20.0	17.0	100.0	90.0	120.0	134.8	16380.0	555.0	17	12.7	no	Yes	no		5.227045315046232	4.581076482132151	18.0	21.77	3.183064614873909	N
67	2022120210058	58	9804610	F	54	159.9	51.7	20.22		Never	SPRA	1.5	No	No		3.8357608455213654	3.077520546380952	11.0	11.53	3.0	3.0	0.0	50.0	30.0	5.3	7560.0	337.0	15	>500	no	pelubi	no		0.48520302639196167	1.1292013065284647	1.0	1.06	3.3505578191294036	Y
68	2022120210063	63,PBMC37	9801766	F	60	147.5	55.95	25.72		Never	SPRA	1.5	No	No		5.329528563063359	4.459493666135181	22.0	22.83	6.0	3.0	60.0	70.0	43.0	8.3	4230.0	279.0	112	312	no	 Arcoxia,Celebrex	no							
69	2022120210064	64,PBMC38	9913510	M	39	181.9	75.0	22.67		Never	SPRA	1.5	No	No		7.419598746743375	6.471648424613137	42.0	47.41	8.0	15.0	100.0	90.0	120.0	54.1	6830.0	487.0	>650	>500	no	Airtal	no							
70	2022120210065	65,PBMC39	30088291	M	57	166.3	56.3	20.36	2회/주,소주 반병	Current,40PY(1갑/일)	SPRA	1.5	No	No		3.803249340839351	3.76437230339105	12.0	13.44	1.0	1.0	70.0	30.0	17.0	14.4	7270.0	254.0	346	>500	no	Yes	no		2.7980572041353535	2.7190659700031605	7.5	7.8	1.0051921367039975	Y
71	2022120210067	67,PBMC40	30091432	M	59	168.0	66.3	23.46		Current,45PY(1갑/일)	SPRA	1.5	No	No		6.837734884564599	6.044927576206237	36.5	40.54	13.0	10.0	60.0	75.0	83.0	40.4	6450.0	411.0	>650	>500	no	vimovo	no							
72	2022120210068	68	857408	F	48	173.3	59.9	19.94		Never	SPRA	1.5	No	No		5.159116675160656	3.7106869592059297	15.0	15.57	3.0	2.0	50.0	50.0	83.0	5.7	6940.0	261.0	119	75.9	no	Acecrona	no							
73	2022120210072	72	6397705	F	52	162.1	73.3	27.9		Never	SPRA	1.5	No	No		4.434845951150405	3.9746343931734063	18.0	18.76	1.0	4.0	80.0	50.0	23.0	7.6	5290.0	297.0	115	157	no	Rapicet Semi	no							
74	2022120210073	73	9821299	F	61	155.0	55.0	22.89		Never	SPRA	1.5	No	No		4.653247312488197	5.441947356798456	34.0	34.61	10.0	10.0	80.0	60.0	3.5	6.1	6520.0	239.0	72	500	no	no	no							
75	2022120210101	신촌 1	10810599	62	F	165.0	64.0	23.51		Never	SPRA		No	No		4.39	4.01	21.0	21.07	3.0	3.0	100.0	50.0	9.0	0.7	14900.0	298.0	99	1565.5	no	no	no		3.219748957489232	2.7371406989218645	10.0	10.06	1.1702510425107677	N
76	2022120210104	신촌 4	10816884	33	M	185.0	100.0	29.22		Current,10PY(1/3갑/일)	SPRA		No	No		7.4797774583171925	7.239571144514312	51.0	56.01	17.0	17.0	100.0	70.0	42.0	50.1	6570.0	237.0	689	2132.3	Solondo 	아섹	no		2.7053287311417806	3.145917347016189	12.0	12.25	4.774448727175412	Y
