feature	metadata	value	coef	stderr	N	N.not.0	pval	qval
s__Hyphopichia heimii	Smoking_Status	Former_Smoker	3.37262768412854	0.640765769632508	77	8	1.43676224807722e-6	8.9079259380787e-4
s__Botrytis tulipae	Sex	M	2.36217059852428	0.491269331707698	77	35	8.25915834441441e-6	0.00170689272451231
s__Lecanosticta acicola	Smoking_Status	Former_Smoker	4.20350453129462	0.859372665452769	77	68	6.03186168366698e-6	0.00170689272451231
s__Fusarium staphyleae	Smoking_Status	Former_Smoker	3.89834282314432	0.928684185725496	77	8	7.69699792593293e-5	0.011930346785196
s__Malassezia restricta	Sex	M	2.1567099464942	0.581710892492958	77	73	4.1167947580225e-4	0.0510482549994795
s__Ogataea ramenticola	Smoking_Status	Former_Smoker	2.8732581867908	0.786828716892191	77	10	4.9466024258582e-4	0.0511148917338688
s__Wickerhamomyces ciferrii	Age	Age	-0.985783691527748	0.297998960587025	77	55	0.0014772282454103	0.130356268028122
s__Golubevia sp. BC0812	Smoking_Status	Never_Smoker	-0.884744959085441	0.270910337670103	77	10	0.00168201636165319	0.130356268028122
s__Ophiosphaerella narmari	Smoking_Status	Former_Smoker	-2.50996964742553	0.786022175589027	77	77	0.00209786708332625	0.144519732406919
s__Curvularia eragrostidis	Age	Age	-0.457428434395718	0.148560346350337	77	77	0.00295155796202414	0.166360539677724
s__Trichoderma erinaceum	Age	Age	-0.871316014444601	0.282431099639191	77	68	0.00289978778814685	0.166360539677724
s__Lecanosticta acicola	Smoking_Status	Never_Smoker	1.81763194129737	0.608766973005827	77	68	0.00387905143036671	0.185000914371336
s__Exserohilum rostratum	Age	Age	-1.37238567388103	0.456643789216222	77	49	0.00366412077203752	0.185000914371336
s__Sclerotinia nivalis	diagnosis	RA	-0.835457125080748	0.28341742990331	77	77	0.00432860667051174	0.19169543826552
s__Sclerotinia nivalis	Age	Age	-0.415941833554521	0.145002687052755	77	77	0.0054270754624729	0.224319119115546
s__Scheffersomyces stambukii	Smoking_Status	Former_Smoker	-2.23046958398187	0.784342310754028	77	77	0.0058196556896895	0.225511657975468
s__Oidium heveae	Smoking_Status	Former_Smoker	4.21095637826406	1.54397276463724	77	67	0.00803880360433486	0.268074186883327
s__[Candida] boidinii	diagnosis	RA	1.59846625902326	0.583809044684029	77	21	0.00780761002042478	0.268074186883327
s__Aspergillus flavus	Smoking_Status	Former_Smoker	3.43079255134807	1.26159060696774	77	21	0.00821517669481165	0.268074186883327
s__Lasiodiplodia sp. KE8409	Age	Age	-1.06576138736958	0.407849097885904	77	64	0.0109444635368748	0.334341160874246
s__Atkinsonella texensis	Smoking_Status	Former_Smoker	3.82070829701206	1.46933671755669	77	17	0.0113244586747729	0.334341160874246
s__Byssoonygena ceratinophila	Age	Age	-0.548385106652277	0.213345946426623	77	75	0.0122564135472734	0.345408018150432
s__Lasiodiplodia theobromae	Sex	M	-2.52655217528786	1.01130478900876	77	26	0.0147959073716827	0.398846198714924
s__Clarireedia hainanense	Smoking_Status	Former_Smoker	3.93799152595632	1.61200358747382	77	69	0.0170587560299334	0.44068453077328
s__Fusarium concolor	Smoking_Status	Never_Smoker	2.50833183562947	1.051922560032	77	77	0.0197755490939022	0.457390157032439
s__Pseudocercospora ulei	Smoking_Status	Former_Smoker	2.1757606753127	0.913551990873597	77	9	0.019918603612703	0.457390157032439
s__Trichoderma orchidacearum	Smoking_Status	Former_Smoker	0.867521603705272	0.36219508042331	77	8	0.019252698952663	0.457390157032439
s__Physisporinus lineatus	Age	Age	-0.798054746423015	0.351141107466364	77	73	0.0260704340547221	0.505114659810241
s__Aspergillus texensis	Age	Age	-0.816956153389108	0.359358603049594	77	25	0.0260307116227974	0.505114659810241
s__Malassezia arunalokei	diagnosis	RA	1.25557233107358	0.551763083801634	77	25	0.025892191605679	0.505114659810241
s__Trichosporon faecale	Sex	M	0.403246471703613	0.173826852055999	77	8	0.0232306633910958	0.505114659810241
s__Calvatia gigantea	Age	Age	-0.655110139577049	0.283307701341582	77	50	0.023661263440905	0.505114659810241
s__Botrytis tulipae	Smoking_Status	Former_Smoker	-2.00772936749354	0.897546169718868	77	35	0.0284337505578043	0.518497804289373
s__Sarocladium oryzae	Sex	M	1.15346350676991	0.513388174357396	77	34	0.0277655891072892	0.518497804289373
s__Lasiodiplodia sp. KE8409	Smoking_Status	Former_Smoker	4.24621617075731	1.9222306830729	77	64	0.0304024701185219	0.523598096485655
s__Cladosporium sp. SL-16	Age	Age	-0.835416415212626	0.377185422518529	77	41	0.0299790448859388	0.523598096485655
s__Heterodoassansia hygrophilae	Smoking_Status	Former_Smoker	2.25582872193974	1.02675392645829	77	12	0.0312818960125996	0.524183122373291
s__Cercospora citrullina	diagnosis	RA	1.03178756124887	0.493921154292484	77	16	0.0402958391180782	0.543117831591489
s__Teratosphaeria gauchensis	Age	Age	0.513301646376783	0.242313384127834	77	51	0.0376474867683417	0.543117831591489
s__Diplodia sapinea	Age	Age	-0.490416854406992	0.234084553038126	77	47	0.0397356184843999	0.543117831591489
s__Wickerhamomyces pijperi	Smoking_Status	Former_Smoker	-1.35286877911356	0.647510008975474	77	21	0.0402616651443735	0.543117831591489
s__Fusarium concolor	Age	Age	-0.662701639800333	0.315070848725424	77	77	0.0389804163656151	0.543117831591489
s__Coniochaeta pulveracea	Age	Age	-0.378791376779652	0.178927002897165	77	77	0.0377633531050896	0.543117831591489
s__Trichophyton mentagrophytes	Age	Age	-0.732225652346719	0.34473192962046	77	63	0.0371508486952283	0.543117831591489
s__Podaxis sp. AQ645840	Age	Age	-0.600338868680271	0.281407424456249	77	20	0.0363535076846384	0.543117831591489
s__Hyphopichia heimii	diagnosis	RA	-0.566607987065213	0.265731971230664	77	8	0.0364462090464032	0.543117831591489
s__Diplodia sapinea	Sex	M	-1.235877593355	0.603867436344303	77	47	0.0444004004310652	0.573357321252495
s__Wickerhamomyces ciferrii	Smoking_Status	Former_Smoker	2.86185713584124	1.40449678210263	77	55	0.0453137237764068	0.573357321252495
s__Botryosphaeria kuwatsukai	Smoking_Status	Never_Smoker	-0.668439554385333	0.325509496218856	77	14	0.043706958395188	0.573357321252495
s__Sclerotinia nivalis	Smoking_Status	Former_Smoker	1.36867141239156	0.683411133249087	77	77	0.0490283070011195	0.573538685673473
s__Clarireedia paspali	Smoking_Status	Former_Smoker	2.03239479776913	1.00676201221321	77	77	0.0472916564305785	0.573538685673473
s__Wickerhamomyces ciferrii	diagnosis	RA	-1.16855594198661	0.582458858108643	77	55	0.0486402969988587	0.573538685673473
s__Malassezia arunalokei	Sex	M	1.46772345737282	0.72823406422687	77	25	0.0476433588340478	0.573538685673473
s__Hymenoscyphus linearis	Age	Age	-0.45489151672473	0.230324419922029	77	45	0.0521567741161356	0.582541144984807
s__Malassezia arunalokei	Smoking_Status	Former_Smoker	2.62244399479877	1.33047933754296	77	25	0.0526166195470148	0.582541144984807
s__Protomyces inundatus	Age	Age	-0.21468119577568	0.108513752257911	77	12	0.0517668028053958	0.582541144984807
s__Candida albicans	Age	Age	0.621077689938257	0.321997126295484	77	27	0.0577500205838349	0.596750212699628
s__Talaromyces islandicus	Smoking_Status	Former_Smoker	1.46878798840546	0.760345411818346	77	77	0.0573833210128142	0.596750212699628
s__Malassezia cuniculi	Sex	M	1.78847040674424	0.918186310212256	77	20	0.0553896476609772	0.596750212699628
s__Calvatia gigantea	Smoking_Status	Never_Smoker	1.82694309084223	0.945875391765399	77	50	0.057415262449541	0.596750212699628
s__Protomyces arabidopsidicola	Sex	M	-1.93492970167352	1.02868698517664	77	57	0.064076823624285	0.613840783643403
s__Hymenoscyphus occultus	diagnosis	RA	-1.09097178823126	0.582825869398096	77	68	0.0653443414846203	0.613840783643403
s__Botryosphaeria kuwatsukai	diagnosis	RA	-0.363232890902579	0.190563017749844	77	14	0.0606849708521973	0.613840783643403
s__Meyerozyma caribbica	Smoking_Status	Never_Smoker	-1.36912546663868	0.727660479036526	77	8	0.0639976092169159	0.613840783643403
s__Atkinsonella texensis	Age	Age	-0.585463954424549	0.311756367236909	77	17	0.064494507052868	0.613840783643403
s__Exserohilum rostratum	Smoking_Status	Former_Smoker	4.07897513960912	2.15220459580777	77	49	0.0621300432691114	0.613840783643403
s__Ophiosphaerella herpotricha	Smoking_Status	Former_Smoker	-1.49710905044113	0.832417908088092	77	76	0.0763472469572632	0.621038184935547
s__Teratosphaeria gauchensis	Smoking_Status	Former_Smoker	-2.05941348242742	1.14204548766725	77	51	0.0755890790482925	0.621038184935547
s__Fusarium concolor	Smoking_Status	Former_Smoker	2.71771666604802	1.48495817669127	77	77	0.0714228813096445	0.621038184935547
s__Clarireedia paspali	Age	Age	-0.393130380001584	0.213609626608681	77	77	0.0698863721491649	0.621038184935547
s__Lecanosticta acicola	diagnosis	RA	-0.643577599791155	0.356390436623175	77	68	0.0751849107003716	0.621038184935547
s__Ustanciosporium gigantosporum	Smoking_Status	Never_Smoker	1.49874625085498	0.82208374953612	77	71	0.0724970012953112	0.621038184935547
s__[Candida] boidinii	Smoking_Status	Former_Smoker	2.53760391632283	1.40775251883659	77	21	0.0756962082823877	0.621038184935547
s__Cryptococcus sp. VH57_BW	Age	Age	0.661368537435344	0.363532920612255	77	20	0.0730848722695596	0.621038184935547
s__Calvatia gigantea	diagnosis	RA	-0.99321646878147	0.553743811360083	77	50	0.0771289358710276	0.621038184935547
s__Calvatia gigantea	Smoking_Status	Former_Smoker	2.44301232974398	1.33525551262097	77	50	0.0715049259894227	0.621038184935547
s__Botryosphaeria dothidea	Smoking_Status	Never_Smoker	-1.48579895037807	0.809253606579201	77	23	0.0705429683357214	0.621038184935547
s__Diplodia sapinea	Smoking_Status	Former_Smoker	1.86745975762663	1.10326224237272	77	47	0.0949022462791447	0.632681641860965
s__Kurtzmaniella fragi	Smoking_Status	Former_Smoker	1.98002364048573	1.14067497130249	77	14	0.0869310662220085	0.632681641860965
s__Byssoonygena ceratinophila	Smoking_Status	Former_Smoker	1.72111698192776	1.00551926302215	77	75	0.0913228552485426	0.632681641860965
s__Moesziomyces parantarcticus	Age	Age	-0.720249993765499	0.409631901810894	77	44	0.0830083177801656	0.632681641860965
s__Ganoderma multipileum	Smoking_Status	Former_Smoker	-1.48439328621162	0.872266351579004	77	77	0.0931746320983503	0.632681641860965
s__Dothiorella sarmentorum	Smoking_Status	Former_Smoker	-2.81160231164358	1.62749928313959	77	26	0.0884150000273671	0.632681641860965
s__Clarireedia hainanense	Age	Age	-0.592639884300906	0.342026695718446	77	69	0.0874854656834817	0.632681641860965
s__Hymenoscyphus occultus	Age	Age	-0.519121337446588	0.298186731759629	77	68	0.0860282239207897	0.632681641860965
s__Wickerhamomyces ciferrii	Smoking_Status	Never_Smoker	1.7683674394715	0.994924889991201	77	55	0.0797870857055775	0.632681641860965
s__Trichoderma erinaceum	Smoking_Status	Never_Smoker	1.65626362238235	0.942948694133301	77	68	0.0833196008531311	0.632681641860965
s__Sclerotinia minor	Age	Age	0.157963466611103	0.0921833408742717	77	14	0.0909693200895034	0.632681641860965
s__Claviceps fusiformis	Sex	M	1.85667389582072	1.09372918893889	77	33	0.0939698126145569	0.632681641860965
s__Claviceps fusiformis	Smoking_Status	Never_Smoker	2.47265245328089	1.41552157843627	77	33	0.0849941251234227	0.632681641860965
s__Ustanciosporium gigantosporum	Smoking_Status	Former_Smoker	1.98679998087897	1.16050366460583	77	71	0.0912588164519277	0.632681641860965
s__Saccharomyces boulardii (nom. inval.)	diagnosis	RA	-1.18582130443118	0.672348615568029	77	20	0.082084558566509	0.632681641860965
s__Kluyveromyces marxianus	Sex	M	-0.992813459453696	0.585607876521931	77	9	0.0943896133285269	0.632681641860965
s__Candida albicans	diagnosis	RA	1.05762503018575	0.629364874719292	77	27	0.0972619686080324	0.634762321441896
s__Oidium heveae	Smoking_Status	Never_Smoker	1.84170639930937	1.09372762727616	77	67	0.0965967817590728	0.634762321441896
s__Cercospora citrullina	Age	Age	0.418038866942187	0.252701093891939	77	16	0.102484932679215	0.655058332588795
s__Kurtzmaniella fragi	diagnosis	RA	0.783754251248868	0.473049315401997	77	14	0.101970279459257	0.655058332588795
s__Penicillium expansum	Smoking_Status	Never_Smoker	-1.80673669766884	1.10750063746324	77	30	0.107241722624567	0.661785108723402
s__Aspergillus texensis	Smoking_Status	Former_Smoker	2.76060484363066	1.69369047667083	77	25	0.107544215899641	0.661785108723402
s__Lecanosticta acicola	Age	Age	-0.296972031557395	0.182337307087624	77	68	0.107806929001715	0.661785108723402
s__Exserohilum rostratum	diagnosis	RA	-1.46111249650818	0.892540764254146	77	49	0.106050218908367	0.661785108723402
s__Cryptococcus sp. VH57_BW	Smoking_Status	Never_Smoker	-1.95743820085563	1.21372218995611	77	20	0.111233911139818	0.676127695163601
s__Byssoonygena ceratinophila	diagnosis	RA	-0.664782060256696	0.416998891851735	77	75	0.11533223348418	0.68850114400957
s__Sclerotinia nivalis	Smoking_Status	Never_Smoker	0.771442721315491	0.484118408266261	77	77	0.115490514479025	0.68850114400957
s__Scheffersomyces stambukii	Smoking_Status	Never_Smoker	-0.870020439901971	0.555616571847278	77	77	0.121826739421907	0.709585548654343
s__Apiotrichum gamsii	Smoking_Status	Former_Smoker	-2.53441868377739	1.62133955894548	77	19	0.122460731783895	0.709585548654343
s__Botryosphaeria dothidea	Smoking_Status	Former_Smoker	-1.78968736408633	1.14239185066069	77	23	0.121651316627985	0.709585548654343
s__Coniochaeta pulveracea	Smoking_Status	Never_Smoker	0.920970092836956	0.597381038924565	77	77	0.127596982429601	0.718973779935557
s__Talaromyces islandicus	Age	Age	-0.246896547188126	0.16132620971176	77	77	0.130356860397762	0.718973779935557
s__Sclerotinia nivalis	Sex	M	0.571209207469715	0.374063131279409	77	77	0.131194002417612	0.718973779935557
s__Tuber melosporum	diagnosis	RA	-0.575208139563886	0.376115905889736	77	55	0.130624162497715	0.718973779935557
s__Epichloe festucae	diagnosis	RA	-0.507950344295685	0.335548286730261	77	11	0.134517674955685	0.718973779935557
s__Xylaria cf. heliscus	Smoking_Status	Never_Smoker	-0.740415425027823	0.478068301898699	77	19	0.125884445390196	0.718973779935557
s__Fusarium tuaranense	Smoking_Status	Never_Smoker	1.32937057361133	0.877773229613187	77	21	0.134343299823116	0.718973779935557
s__Aureobasidium sp. P6	Smoking_Status	Never_Smoker	0.8508195606846	0.552306712858523	77	18	0.12788778593685	0.718973779935557
s__Aphanoascus verrucosus	Age	Age	0.405580955640866	0.266781752480503	77	20	0.13288359214306	0.718973779935557
s__Saccharomycopsis sp. KB-2023a	Smoking_Status	Former_Smoker	1.92289789813056	1.28086786812386	77	13	0.13772630333726	0.725015250837536
s__Alternaria viburni	Smoking_Status	Never_Smoker	-1.99326651372172	1.32863371893611	77	23	0.137986773546499	0.725015250837536
s__Clarireedia sp. CPB17	Smoking_Status	Former_Smoker	-1.58273974105206	1.06852901108841	77	59	0.142969167256651	0.739700762376941
s__Cryptococcus sp. VH57_BW	Smoking_Status	Former_Smoker	-2.53661062020407	1.71336442309226	77	20	0.143167889492311	0.739700762376941
s__Physisporinus lineatus	Smoking_Status	Former_Smoker	2.42077036206899	1.65496065667128	77	73	0.147952437208941	0.739762186044706
s__Malassezia restricta	Smoking_Status	Former_Smoker	1.56336264539842	1.06278236751699	77	73	0.145706955237873	0.739762186044706
s__Trichoderma erinaceum	diagnosis	RA	-0.808275977168294	0.552030434824859	77	68	0.147556554165929	0.739762186044706
s__Aureobasidium sp. P6	Smoking_Status	Former_Smoker	1.14735517804356	0.779669911514964	77	18	0.145550072829752	0.739762186044706
s__Xylaria cf. heliscus	Age	Age	0.208587250373977	0.143190564924631	77	19	0.149604635822969	0.742038993681928
s__Epichloe festucae	Age	Age	-0.248843672994116	0.171673997708734	77	11	0.151597280420534	0.743076955417597
s__Botryosphaeria kuwatsukai	Sex	M	-0.364014645553353	0.251510992636827	77	14	0.152210924738766	0.743076955417597
s__Lasiodiplodia sp. KE8409	diagnosis	RA	-1.14634884033586	0.797168283296377	77	64	0.154819885275024	0.749908819300897
s__Ophiosphaerella narmari	Smoking_Status	Never_Smoker	-0.771345228355218	0.5568065634211	77	77	0.170297074309678	0.757977085786868
s__Albifimbria verrucaria	Age	Age	-0.375865739906701	0.270588677502722	77	56	0.169154048224096	0.757977085786868
s__Aspergillus hortae	diagnosis	RA	0.683016934307491	0.483207580002201	77	19	0.161876450472461	0.757977085786868
s__Aspergillus hortae	Sex	M	-0.888974860099459	0.637752379926784	77	19	0.167689689645545	0.757977085786868
s__Aspergillus sp. HF37	diagnosis	RA	0.914491962894622	0.663941158708951	77	30	0.172724932677745	0.757977085786868
s__Trichophyton mentagrophytes	diagnosis	RA	-0.951837382373572	0.673801565229568	77	63	0.162130932397809	0.757977085786868
s__Clarireedia sp. CPB17	Age	Age	0.319640422919766	0.226715033255349	77	59	0.162941507286508	0.757977085786868
s__Clarireedia paspali	diagnosis	RA	-0.575907324557388	0.417514272366638	77	77	0.172109565030583	0.757977085786868
s__Podaxis sp. AQ645840	Smoking_Status	Former_Smoker	1.8533447961406	1.32629933114538	77	20	0.166650762146149	0.757977085786868
s__Dothiorella sarmentorum	Smoking_Status	Never_Smoker	-1.58468715501417	1.15289658607427	77	26	0.173601203518928	0.757977085786868
s__Botryosphaeria kuwatsukai	Smoking_Status	Former_Smoker	-0.642591902658956	0.459509099211775	77	14	0.166336394551038	0.757977085786868
s__Fusarium tuaranense	Sex	M	0.950432696416334	0.678227882303046	77	21	0.165466457188671	0.757977085786868
s__Fusarium tuaranense	Age	Age	0.374296290210007	0.262909806244931	77	21	0.158922469885325	0.757977085786868
s__Aureobasidium sp. P6	diagnosis	RA	-0.454814413143749	0.323336907673662	77	18	0.163900127800913	0.757977085786868
s__Ophiosphaerella narmari	Age	Age	0.226215381571673	0.166774174429377	77	77	0.179264138915098	0.761227309483821
s__Talaromyces islandicus	diagnosis	RA	-0.422913571119639	0.315322844437459	77	77	0.184127624923393	0.761227309483821
s__Clarireedia sp. CPB17	diagnosis	RA	0.58766918231397	0.443129664364753	77	59	0.189030956859715	0.761227309483821
s__Laccaria trichodermophora	Smoking_Status	Former_Smoker	-1.57915552272269	1.19021461029798	77	48	0.188832242683185	0.761227309483821
s__Malassezia restricta	diagnosis	RA	0.595930866440123	0.440746473819059	77	73	0.180636450272747	0.761227309483821
s__Botrytis tulipae	diagnosis	RA	0.493554375080671	0.372221370512216	77	35	0.189099771763396	0.761227309483821
s__Suhomyces faveliae	Smoking_Status	Never_Smoker	-0.581282606218357	0.440827197275479	77	16	0.191534613353994	0.761227309483821
s__Malassezia globosa	Sex	M	1.38887500669142	1.02595814268269	77	55	0.180114856870273	0.761227309483821
s__Golubevia sp. BC0812	Sex	M	-0.27976489085844	0.209323932894338	77	10	0.185647849127908	0.761227309483821
s__Myriosclerotinia scirpicola	Age	Age	0.507266340907567	0.371622012233016	77	33	0.176561094462823	0.761227309483821
s__Epichloe festucae	Smoking_Status	Never_Smoker	0.777451170931149	0.573165533692632	77	11	0.179264412824696	0.761227309483821
s__Atkinsonella texensis	Smoking_Status	Never_Smoker	1.38999628765942	1.04085654784241	77	17	0.185999618923438	0.761227309483821
s__Aspergillus flavus	Smoking_Status	Never_Smoker	1.17923739631844	0.893692254653809	77	21	0.19123733523774	0.761227309483821
s__Scedosporium minutisporum	Smoking_Status	Never_Smoker	0.537556583601929	0.400980454674328	77	15	0.184322389409573	0.761227309483821
s__Aspergillus fumigatiaffinis	Sex	M	0.823685790462291	0.633974323993823	77	60	0.198064245079604	0.77232598710286
s__Morchella punctipes	Sex	M	-0.513219968489296	0.394547182449283	77	17	0.197539039444564	0.77232598710286
s__Exophiala spinifera	Smoking_Status	Never_Smoker	-1.32581161317547	1.01666954056095	77	17	0.196420628122758	0.77232598710286
s__Curvularia eragrostidis	diagnosis	RA	-0.359910491935917	0.290371112452832	77	77	0.219247562618037	0.780191711585292
s__Teratosphaeria gauchensis	diagnosis	RA	0.584418196622262	0.473617682241287	77	51	0.221292391782785	0.780191711585292
s__Metarhizium humberi	Smoking_Status	Never_Smoker	0.861249900780591	0.697278801117427	77	27	0.220843237483299	0.780191711585292
s__Xylaria sp. 218_066	Smoking_Status	Former_Smoker	1.63438097906025	1.29092813211814	77	76	0.209633165365968	0.780191711585292
s__Trichophyton mentagrophytes	Smoking_Status	Former_Smoker	2.03847866186417	1.62475360614075	77	63	0.213724424363186	0.780191711585292
s__Hymenoscyphus linearis	Smoking_Status	Former_Smoker	-1.35449847311277	1.08554038572116	77	45	0.216217061806404	0.780191711585292
s__Oidium heveae	Age	Age	-0.419678589066395	0.327592262865684	77	67	0.204327046190306	0.780191711585292
s__Malassezia restricta	Age	Age	-0.285220264827553	0.225495739745411	77	73	0.21005787409101	0.780191711585292
s__Hymenoscyphus occultus	Smoking_Status	Former_Smoker	1.72397175732903	1.40538176508101	77	68	0.223990523648681	0.780191711585292
s__Suhomyces faveliae	diagnosis	RA	0.332100306170965	0.258073457133613	77	16	0.202328456131161	0.780191711585292
s__Malassezia arunalokei	Age	Age	-0.353173055359428	0.282294316884626	77	25	0.215011760112515	0.780191711585292
s__Malassezia globosa	Age	Age	-0.490518609011341	0.397704759043793	77	55	0.221504075444977	0.780191711585292
s__Malassezia globosa	Smoking_Status	Former_Smoker	2.37940554306863	1.87441947181151	77	55	0.208440372986009	0.780191711585292
s__Sclerotinia minor	Smoking_Status	Never_Smoker	0.38391105979628	0.307771208656859	77	14	0.216352977745806	0.780191711585292
s__Claviceps fusiformis	Age	Age	-0.52666728363744	0.423975682291197	77	33	0.218246179888933	0.780191711585292
s__Lachancea kluyveri	Sex	M	0.265274868095041	0.210266032587555	77	8	0.211216383397466	0.780191711585292
s__Kluyveromyces marxianus	Smoking_Status	Never_Smoker	-0.967487314006327	0.757902956328027	77	9	0.205927167560386	0.780191711585292
s__Trichophyton simii	Age	Age	0.370553220257815	0.301307701824474	77	25	0.222825414225383	0.780191711585292
s__Alternaria viburni	Age	Age	-0.508845875108682	0.397951112920028	77	23	0.205179152906469	0.780191711585292
s__Aspergillus sp. HF37	Smoking_Status	Never_Smoker	-1.38223131105951	1.13410857280828	77	30	0.226960936132799	0.786121678225337
s__Xylaria sp. 218_066	Smoking_Status	Never_Smoker	1.10924791552145	0.914474526535678	77	76	0.229154209670685	0.786695984721656
s__Teratosphaeria destructans	Smoking_Status	Former_Smoker	2.37822644450913	1.96280388459021	77	27	0.229664472959064	0.786695984721656
s__Scedosporium minutisporum	Age	Age	0.144447245639201	0.120101285947042	77	15	0.233083346079818	0.794020189942239
s__Penicillium expansum	Smoking_Status	Former_Smoker	-1.85952029793104	1.56341558759022	77	30	0.238246311332097	0.800998448685552
s__Phaeosphaeria sp. H6.2b	Age	Age	0.455875338043937	0.383635206863479	77	25	0.238673266913281	0.800998448685552
s__Kluyveromyces marxianus	Smoking_Status	Former_Smoker	1.27045555980376	1.0699021343392	77	9	0.239007601623915	0.800998448685552
s__Lasiodiplodia theobromae	Smoking_Status	Never_Smoker	-1.48656474992159	1.30884661915869	77	26	0.25986711356945	0.803255982444535
s__Mariannaea elegans	Age	Age	-0.379497795859284	0.326310510695541	77	71	0.248725099177662	0.803255982444535
s__Coniochaeta pulveracea	Smoking_Status	Former_Smoker	0.976549791794454	0.843299585023043	77	77	0.250740324660215	0.803255982444535
s__Rosellinia necatrix	Age	Age	-0.248057229078865	0.217222209241268	77	49	0.257310817495016	0.803255982444535
s__Aspergillus fumigatiaffinis	Age	Age	-0.287216935352901	0.245755255769626	77	60	0.246429083606489	0.803255982444535
s__Aspergillus jensenii	diagnosis	RA	-0.285927197662806	0.253419556126747	77	13	0.263001555542324	0.803255982444535
s__Cladosporium sp. SL-16	Smoking_Status	Never_Smoker	-1.42541989508589	1.25930360383234	77	41	0.261480244607415	0.803255982444535
s__Wickerhamomyces ciferrii	Sex	M	0.879987973953853	0.768747301038886	77	55	0.256176134376656	0.803255982444535
s__Trichoderma erinaceum	Smoking_Status	Former_Smoker	1.52331356341712	1.33112400737086	77	68	0.256308871394606	0.803255982444535
s__Tuber melosporum	Smoking_Status	Never_Smoker	0.725911797110723	0.642460958541192	77	55	0.262324305754747	0.803255982444535
s__Saccharomycopsis sp. KB-2023a	diagnosis	RA	0.60527872274285	0.531188711403512	77	13	0.258332911912603	0.803255982444535
s__Alternaria burnsii	Smoking_Status	Former_Smoker	2.34659286199714	2.0022050590106	77	49	0.245113097683139	0.803255982444535
s__Claviceps fusiformis	Smoking_Status	Former_Smoker	2.34071342939446	1.998236773359	77	33	0.245358421836063	0.803255982444535
s__Sphaerostilbella broomeana	Sex	M	0.300250189805254	0.257379388224764	77	13	0.247288885386194	0.803255982444535
s__Xylaria cf. heliscus	Smoking_Status	Former_Smoker	-0.764190809158301	0.674870433332841	77	19	0.261296258871641	0.803255982444535
s__Protomyces inundatus	diagnosis	RA	-0.24448031147935	0.212097371429486	77	12	0.252908066288561	0.803255982444535
s__Trametes hirsuta	Age	Age	0.41035200508401	0.362286199877997	77	35	0.26116200321183	0.803255982444535
s__Yamadazyma philogaea	Smoking_Status	Former_Smoker	0.618618938062319	0.544460660168633	77	11	0.259691358850442	0.803255982444535
s__Saccharomyces cerevisiae	diagnosis	RA	-0.743505124431989	0.667158186409801	77	17	0.268850457599525	0.817094527998556
s__Golubevia sp. BC0812	Age	Age	-0.0897686439600005	0.0811428077135397	77	10	0.272329213027706	0.81849738670345
s__Atkinsonella texensis	diagnosis	RA	-0.672789091243541	0.609348627630129	77	17	0.273272514592926	0.81849738670345
s__Cercospora canescens	Age	Age	-0.442700110424495	0.399709710902403	77	15	0.271792562934295	0.81849738670345
s__Tuber melosporum	Sex	M	0.535649063045971	0.496409460522959	77	55	0.284219006097167	0.823862776750813
s__Candida dubliniensis	diagnosis	RA	0.453855147246155	0.42053249613457	77	21	0.284133870638659	0.823862776750813
s__[Candida] boidinii	Age	Age	0.325483962742359	0.29868974619439	77	21	0.279527471729706	0.823862776750813
s__Zalaria sp. Him3	Age	Age	0.219879576482849	0.203834556554944	77	18	0.284365539072055	0.823862776750813
s__Exserohilum rostratum	Smoking_Status	Never_Smoker	1.65390411759228	1.52459012224789	77	49	0.281671752947098	0.823862776750813
s__Curvularia sp. ZM96	Sex	M	-0.457646474504371	0.418567786446832	77	14	0.277930299282143	0.823862776750813
s__Malassezia pachydermatis	Age	Age	0.240788358197953	0.221514004781836	77	9	0.280708100854911	0.823862776750813
s__Protomyces inundatus	Smoking_Status	Former_Smoker	0.550018255200311	0.511435394136586	77	12	0.285818655485498	0.82422123907446
s__Malassezia cuniculi	Smoking_Status	Never_Smoker	1.27106678549474	1.18833121422972	77	20	0.288411840162326	0.827848800465936
s__[Candida] ascalaphidarum	diagnosis	RA	0.670452012558041	0.6404033943783	77	32	0.298686862876126	0.847185391279034
s__Wickerhamomyces pijperi	Smoking_Status	Never_Smoker	-0.479647473994215	0.458686579177261	77	21	0.299247743048562	0.847185391279034
s__Byssoonygena ceratinophila	Smoking_Status	Never_Smoker	0.747917996215257	0.71229507599772	77	75	0.297273783601705	0.847185391279034
s__Fusarium concolor	Sex	M	0.840410995053537	0.812787615488907	77	77	0.304651835099935	0.850829449378198
s__Myriosclerotinia scirpicola	Smoking_Status	Never_Smoker	1.28562575686766	1.24072912506441	77	33	0.30363181299621	0.850829449378198
s__Saccharomyces boulardii (nom. inval.)	Smoking_Status	Never_Smoker	1.18993072046265	1.14846973836388	77	20	0.303671007910797	0.850829449378198
s__Clarireedia hainanense	Smoking_Status	Never_Smoker	1.17688038986764	1.14191966287867	77	69	0.30621913585039	0.851371588462969
s__Xylaria cf. heliscus	diagnosis	RA	-0.286183624923564	0.279875516255621	77	19	0.309997362351612	0.858028413651785
s__Hymenoscyphus linearis	diagnosis	RA	-0.458332455515972	0.450184451509667	77	45	0.312087553061488	0.859974590658322
s__Laccaria trichodermophora	Sex	M	0.660044088953443	0.651460566505426	77	48	0.314416543607059	0.862558659452995
s__Lasiodiplodia sp. KE8368	Age	Age	0.311545358949232	0.312460693629327	77	38	0.322116331926539	0.865307954080391
s__Aspergillus hortae	Smoking_Status	Former_Smoker	1.16812559152078	1.16516983432004	77	19	0.319489015361665	0.865307954080391
s__Aspergillus texensis	Smoking_Status	Never_Smoker	1.20004674505374	1.19978545529892	77	25	0.320601874341639	0.865307954080391
s__Teratosphaeria destructans	Smoking_Status	Never_Smoker	1.3997938041426	1.39042144050104	77	27	0.317478186144396	0.865307954080391
s__Apiotrichum porosum	Smoking_Status	Former_Smoker	0.897800002912074	0.900963834365215	77	9	0.322396995794468	0.865307954080391
s__Phaeosphaeria sp. H6.2b	Sex	M	-0.981703308795718	0.989662948081556	77	25	0.324587045311985	0.867430896954443
s__Ophiosphaerella herpotricha	Smoking_Status	Never_Smoker	-0.518653730884376	0.589672618823226	77	76	0.382063845068049	0.868171928976309
s__Curvularia eragrostidis	Smoking_Status	Former_Smoker	0.606536148007802	0.700178711986372	77	77	0.389266075339752	0.868171928976309
s__Lasiodiplodia theobromae	Smoking_Status	Former_Smoker	1.59544958325825	1.84764788112854	77	26	0.390768642627171	0.868171928976309
s__Lasiodiplodia sp. KE8409	Sex	M	0.96992815626977	1.05212747257007	77	64	0.359716738578066	0.868171928976309
s__Diplodia sapinea	diagnosis	RA	-0.39298056526916	0.457533882651387	77	47	0.393280582659544	0.868171928976309
s__Candida albicans	Sex	M	-0.770316760403545	0.830655319382039	77	27	0.356881318205469	0.868171928976309
s__[Candida] ascalaphidarum	Sex	M	0.743275577971904	0.845224300653751	77	32	0.382160484439246	0.868171928976309
s__[Candida] ascalaphidarum	Smoking_Status	Former_Smoker	-1.34641542668405	1.54421980905672	77	32	0.386198283904303	0.868171928976309
s__Kurtzmaniella fragi	Smoking_Status	Never_Smoker	0.71346393761835	0.808037394460842	77	14	0.380238251740763	0.868171928976309
s__Pichia nakasei	diagnosis	RA	-0.543834407088494	0.574148767239672	77	22	0.34674898728047	0.868171928976309
s__Wickerhamomyces pijperi	diagnosis	RA	0.23921361353922	0.268528874717075	77	21	0.376029169825885	0.868171928976309
s__Wickerhamomyces pijperi	Age	Age	0.118224134662235	0.137385369694843	77	21	0.392393961807748	0.868171928976309
s__Fusarium concolor	diagnosis	RA	-0.576986116318378	0.61582700292117	77	77	0.351971273160463	0.868171928976309
s__Metarhizium humberi	diagnosis	RA	-0.349144777890874	0.408207914354029	77	27	0.395256057156989	0.868171928976309
s__Metarhizium humberi	Age	Age	-0.192270039742024	0.208848285998954	77	27	0.360366040775938	0.868171928976309
s__Metarhizium humberi	Smoking_Status	Former_Smoker	0.858399105115377	0.984321371642904	77	27	0.386108660246575	0.868171928976309
s__Albifimbria verrucaria	diagnosis	RA	-0.49725774732557	0.52888363034856	77	56	0.350301495570888	0.868171928976309
s__Coniochaeta pulveracea	diagnosis	RA	-0.315170271485732	0.349724769465596	77	77	0.370531437040471	0.868171928976309
s__Rosellinia necatrix	diagnosis	RA	-0.389364792304188	0.424575306240228	77	49	0.362211215680127	0.868171928976309
s__Aspergillus fumigatiaffinis	diagnosis	RA	-0.414711019212065	0.480345050089434	77	60	0.390846372094267	0.868171928976309
s__Trichophyton mentagrophytes	Smoking_Status	Never_Smoker	1.12180697640244	1.15095158881915	77	63	0.333029267842674	0.868171928976309
s__Clarireedia sp. CPB17	Sex	M	0.522467080802445	0.584856301433622	77	59	0.374700890577648	0.868171928976309
s__Clarireedia monteithiana	Smoking_Status	Never_Smoker	-1.11582123440066	1.27748397555662	77	46	0.3853613094531	0.868171928976309
s__Moesziomyces parantarcticus	diagnosis	RA	0.768714487865255	0.800652892559227	77	44	0.34025838559641	0.868171928976309
s__Moesziomyces parantarcticus	Smoking_Status	Never_Smoker	1.24033362445365	1.36763220261995	77	44	0.367516640713245	0.868171928976309
s__Botrytis tulipae	Age	Age	0.173079923328009	0.190436766437208	77	35	0.366500076171722	0.868171928976309
s__Hymenoscyphus occultus	Sex	M	0.674513002094698	0.769231693943707	77	68	0.38351683735735	0.868171928976309
s__Trichomonascus petasosporus	diagnosis	RA	-0.344119667755358	0.383619836449841	77	33	0.372732925032436	0.868171928976309
s__Alternaria burnsii	diagnosis	RA	-0.709632645612572	0.830334456605002	77	49	0.395628015771743	0.868171928976309
s__Pseudocercospora ulei	diagnosis	RA	-0.343484422712775	0.378859144575976	77	9	0.367670104577803	0.868171928976309
s__Sphaerostilbella broomeana	Smoking_Status	Never_Smoker	0.310722469854627	0.333104466408491	77	13	0.354080560630275	0.868171928976309
s__Trichosporon faecale	Age	Age	0.0603956487312538	0.067382638176159207	77	8	0.373116865243616	0.868171928976309
s__Fusarium tuaranense	diagnosis	RA	0.490558964564051	0.513874763956657	77	21	0.343005125550196	0.868171928976309
s__Fusarium tuaranense	Smoking_Status	Former_Smoker	-1.11712703644506	1.23911833828828	77	21	0.370344178569437	0.868171928976309
s__Xenoacremonium recifei	Age	Age	0.335519597854752	0.381208531929337	77	36	0.381749077207927	0.868171928976309
s__Zalaria sp. Him3	diagnosis	RA	-0.370843889891978	0.398408245519375	77	18	0.355104126269584	0.868171928976309
s__Meyerozyma caribbica	Age	Age	0.193810674830346	0.217948177389611	77	8	0.37687115503073	0.868171928976309
s__Meyerozyma caribbica	Smoking_Status	Former_Smoker	-0.96896544225142	1.02721000504781	77	8	0.348727209371424	0.868171928976309
s__Aspergillus flavus	diagnosis	RA	-0.464076129603667	0.523194238462362	77	21	0.37807076237786	0.868171928976309
s__Sarocladium oryzae	diagnosis	RA	0.369319792713667	0.388980214172568	77	34	0.345609210019465	0.868171928976309
s__Sarocladium oryzae	Smoking_Status	Never_Smoker	0.570950938554672	0.664435077957403	77	34	0.393065508814614	0.868171928976309
s__Protomyces inundatus	Sex	M	-0.267849293430201	0.279932701810584	77	12	0.341897531621405	0.868171928976309
s__Cercospora canescens	Smoking_Status	Never_Smoker	-1.23223558602988	1.33450512499977	77	15	0.358944345502705	0.868171928976309
s__Ogataea ramenticola	Age	Age	-0.158317416168198	0.166945302247593	77	10	0.346183731421066	0.868171928976309
s__Scedosporium minutisporum	diagnosis	RA	0.201149266375641	0.234745979423189	77	15	0.394393897276767	0.868171928976309
s__Aureobasidium sp. P6	Age	Age	-0.141183599493443	0.16542638345145	77	18	0.396278477258541	0.868171928976309
s__Lachancea kluyveri	Age	Age	-0.0765201509422946	0.0815080053915913	77	8	0.351013540025331	0.868171928976309
s__Trichoderma orchidacearum	Smoking_Status	Never_Smoker	0.230590449349395	0.256573674740669	77	8	0.371834367525123	0.868171928976309
s__Yamadazyma philogaea	Age	Age	0.109437858068811	0.115520884688593	77	11	0.346677447667939	0.868171928976309
s__Alternaria viburni	Sex	M	-0.984580154365567	1.02659366126666	77	23	0.340775709508158	0.868171928976309
s__Alternaria viburni	Smoking_Status	Former_Smoker	-1.66987984251122	1.87558056051379	77	23	0.376297389241884	0.868171928976309
s__Fusarium fracticaudum	Sex	M	0.714082585587508	0.854564435921823	77	63	0.406177595903946	0.872246081790058
s__Coniochaeta pulveracea	Sex	M	0.38088388192615	0.46157761855684	77	77	0.4120342535242	0.872246081790058
s__Pseudophaeomoniella oleicola	Age	Age	0.274039264337348	0.328197396892066	77	74	0.406528144167896	0.872246081790058
s__Clarireedia monteithiana	Age	Age	-0.31746959073983	0.382630790235652	77	46	0.409488206882774	0.872246081790058
s__Aspergillus spinulosporus	Smoking_Status	Never_Smoker	-0.665847878518869	0.802719514470776	77	17	0.409607348827083	0.872246081790058
s__Aspergillus texensis	Sex	M	0.770386161776833	0.927036643534884	77	25	0.40874819797248	0.872246081790058
s__Candida dubliniensis	Smoking_Status	Never_Smoker	0.593498740313907	0.718330988755211	77	21	0.411447716589356	0.872246081790058
s__Pseudocercospora ulei	Sex	M	-0.420067941799378	0.500030072188134	77	9	0.403680609838186	0.872246081790058
s__Phaeosphaeria sp. H6.2b	diagnosis	RA	0.618523104154034	0.749840617161214	77	25	0.412206616071753	0.872246081790058
s__Saccharomyces boulardii (nom. inval.)	Age	Age	-0.289681995742462	0.343988568123083	77	20	0.402544723674194	0.872246081790058
s__Periglandula ipomoeae	Age	Age	0.331764368359263	0.416371014818753	77	44	0.428223734160459	0.879353545858717
s__Aspergillus jensenii	Smoking_Status	Never_Smoker	0.348687267493284	0.43287765391662	77	13	0.423214974200201	0.879353545858717
s__Penicillium expansum	Age	Age	0.267797559638974	0.331717541830149	77	30	0.422186542431989	0.879353545858717
s__Moesziomyces parantarcticus	Sex	M	0.828544143238932	1.05672656816059	77	44	0.435608996413529	0.879353545858717
s__Malassezia restricta	Smoking_Status	Never_Smoker	0.606880487257799	0.752859418092401	77	73	0.422876561547472	0.879353545858717
s__Golubevia sp. BC0812	Smoking_Status	Former_Smoker	-0.306117408648599	0.382433590036491	77	10	0.426122788355341	0.879353545858717
s__Candida dubliniensis	Sex	M	0.452121053001652	0.555031856588739	77	21	0.418033362677027	0.879353545858717
s__Candida dubliniensis	Smoking_Status	Former_Smoker	0.80241491507884	1.01403992637094	77	21	0.431401579175033	0.879353545858717
s__Phaeosphaeria sp. H6.2b	Smoking_Status	Former_Smoker	-1.42960025147918	1.80810836547761	77	25	0.431775134092326	0.879353545858717
s__Teratosphaeria destructans	Sex	M	-0.84869922956723	1.07433509850299	77	27	0.43217215348453	0.879353545858717
s__Cercospora canescens	Sex	M	-0.811638938332255	1.03113031283719	77	15	0.433822457523055	0.879353545858717
s__Saccharomyces boulardii (nom. inval.)	Smoking_Status	Former_Smoker	1.26774702236088	1.62125007435343	77	20	0.436840148587879	0.879353545858717
s__Botryosphaeria dothidea	Age	Age	-0.194994852544041	0.242386873660418	77	23	0.423806706409445	0.879353545858717
s__Apiotrichum porosum	diagnosis	RA	-0.29294987985597	0.37363871021187	77	9	0.435621167771146	0.879353545858717
s__Apiotrichum porosum	Smoking_Status	Never_Smoker	0.505762422497279	0.638229546136733	77	9	0.430740607355456	0.879353545858717
s__Ogataea ramenticola	Smoking_Status	Never_Smoker	0.432700194378858	0.557377905433093	77	10	0.440142204075055	0.88028440815011
s__Lachancea kluyveri	diagnosis	RA	-0.124062490382747	0.159312836707815	77	8	0.438723540384707	0.88028440815011
s__Curvularia eragrostidis	Smoking_Status	Never_Smoker	-0.374540930902368	0.495996314747212	77	77	0.452669627652517	0.884900877135654
s__Zasmidium angulare	Sex	M	0.416307370484966	0.55500927734453	77	75	0.455678488762201	0.884900877135654
s__Pichia nakasei	Smoking_Status	Never_Smoker	-0.713067940777058	0.980730039782424	77	22	0.469568368673597	0.884900877135654
s__Periglandula ipomoeae	diagnosis	RA	-0.595220663417652	0.813824938728417	77	44	0.466950120185457	0.884900877135654
s__Rosellinia necatrix	Smoking_Status	Former_Smoker	-0.746982205441086	1.02378844973015	77	49	0.468019459325802	0.884900877135654
s__Aspergillus sp. HF37	Sex	M	-0.652392685512967	0.876290173461375	77	30	0.459034853304084	0.884900877135654
s__Pseudophaeomoniella oleicola	Smoking_Status	Former_Smoker	-1.13619106673754	1.54682481751393	77	74	0.465044144795473	0.884900877135654
s__Clarireedia hainanense	Sex	M	-0.651621771918637	0.882325558112205	77	69	0.46262824691051	0.884900877135654
s__Hymenoscyphus occultus	Smoking_Status	Never_Smoker	0.749545245601143	0.995551798933698	77	68	0.454002640286118	0.884900877135654
s__Suhomyces faveliae	Sex	M	-0.25610341920739	0.340613368445389	77	16	0.454603210850885	0.884900877135654
s__Myriosclerotinia scirpicola	Sex	M	0.733408598459114	0.958672534790077	77	33	0.446792046984657	0.884900877135654
s__Trichosporon faecale	Smoking_Status	Never_Smoker	0.163896996373547	0.224969455405715	77	8	0.468685387633576	0.884900877135654
s__Pyricularia oryzae	Age	Age	0.303751257940275	0.398802506981367	77	54	0.448786575948012	0.884900877135654
s__Meyerozyma caribbica	diagnosis	RA	-0.317164441256091	0.425994259440179	77	8	0.459014659366886	0.884900877135654
s__Ogataea ramenticola	diagnosis	RA	-0.246410120750834	0.326305735839433	77	10	0.452656154972745	0.884900877135654
s__Fusarium staphyleae	Age	Age	-0.144215904864588	0.197043471787451	77	8	0.466639297962058	0.884900877135654
s__Fusarium bulbicola	Smoking_Status	Former_Smoker	0.966246361398759	1.28968904896898	77	19	0.4562064975986	0.884900877135654
s__Exophiala spinifera	Age	Age	0.225829074216871	0.304511897727606	77	17	0.460769761994546	0.884900877135654
s__Kazachstania exigua	Age	Age	0.113715728639877	0.150405867629768	77	9	0.452115016018385	0.884900877135654
s__Heterodoassansia hygrophilae	Sex	M	-0.403730820749144	0.561990828212674	77	12	0.474871895513719	0.892183561268199
s__Hyphopichia heimii	Age	Age	-0.097141711608656	0.135954411404468	77	8	0.477250367637301	0.89394328681307
s__Ustanciosporium gigantosporum	diagnosis	RA	-0.338619522045251	0.481272472767984	77	71	0.483987863050195	0.895738731615287
s__Botryosphaeria dothidea	Sex	M	-0.44039637233436	0.625284915647498	77	23	0.483541589055466	0.895738731615287
s__Exophiala spinifera	Sex	M	-0.553108368995025	0.785548711482717	77	17	0.483670707706154	0.895738731615287
s__Malassezia pachydermatis	diagnosis	RA	-0.306257269345037	0.432963907075851	77	9	0.481664014027013	0.895738731615287
s__Morchella punctipes	Age	Age	0.106215622833291	0.15294317146029	77	17	0.489649008625467	0.900837938717477
s__Sphaerostilbella broomeana	Age	Age	-0.0695045962258549	0.0997711342385894	77	13	0.48830247271732	0.900837938717477
s__Pseudocercospora ulei	Age	Age	-0.133946534193674	0.193832799897897	77	9	0.491792633352403	0.902104830409733
s__Yamadazyma philogaea	Smoking_Status	Never_Smoker	0.26552618692401	0.38568793415949	77	11	0.493413930517689	0.90240895846893
s__Lasiodiplodia sp. KE8368	Sex	M	-0.532022385180865	0.80605420379691906	77	38	0.511368213451388	0.903544843406532
s__[Candida] ascalaphidarum	Age	Age	0.21572431656786	0.327644679490032	77	32	0.512404563378247	0.903544843406532
s__Fusarium fracticaudum	diagnosis	RA	-0.427094793712668	0.647480160066414	77	63	0.511627849624101	0.903544843406532
s__Penicillium expansum	Sex	M	-0.56755355218722	0.855731055191754	77	30	0.509325691105561	0.903544843406532
s__Morchella punctipes	Smoking_Status	Former_Smoker	0.491667759692325	0.720835373846269	77	17	0.497407223227707	0.903544843406532
s__Podaxis sp. AQ645840	Sex	M	-0.47834936123351	0.725946149667426	77	20	0.512070652577019	0.903544843406532
s__Apiotrichum gamsii	diagnosis	RA	-0.44985421493701	0.672385725723044	77	19	0.505638449114625	0.903544843406532
s__Cladosporium sp. SL-16	diagnosis	RA	0.492540353145937	0.737234083174632	77	41	0.506240820461342	0.903544843406532
s__Aspergillus texensis	diagnosis	RA	-0.475272599715264	0.702390374689437	77	25	0.500826463947527	0.903544843406532
s__Alternaria burnsii	Sex	M	-0.73278458702976	1.0959012187529	77	49	0.505881049907112	0.903544843406532
s__Calonectria naviculata	Sex	M	-0.457456033317102	0.689765223444604	77	14	0.509346579739731	0.903544843406532
s__Aspergillus flavus	Age	Age	-0.176000353007945	0.267677857545473	77	21	0.512980298192096	0.903544843406532
s__Fusarium staphyleae	Sex	M	-0.345535323221674	0.508312635807665	77	8	0.498860949082959	0.903544843406532
s__Albifimbria verrucaria	Smoking_Status	Never_Smoker	-0.584025826807898	0.903410567831968	77	56	0.520060775263089	0.913421191680212
s__Lecanosticta acicola	Sex	M	0.297129120478471	0.470375173209287	77	68	0.529621155222387	0.927585074118305
s__Cercospora citrullina	Sex	M	-0.373603652461929	0.651892488203064	77	16	0.568383493053186	0.93143255618883
s__Lasiodiplodia theobromae	diagnosis	RA	-0.455539504303775	0.766238049629327	77	26	0.554058005130928	0.93143255618883
s__Lasiodiplodia sp. KE8368	Smoking_Status	Never_Smoker	-0.624800376040112	1.04320807234812	77	38	0.551131046925613	0.93143255618883
s__Scheffersomyces stambukii	Age	Age	0.0968984185946739	0.16641774928043	77	77	0.562235962023154	0.93143255618883
s__Pichia nakasei	Age	Age	-0.166017259950477	0.293747332498857	77	22	0.573739529928571	0.93143255618883
s__Fusarium fracticaudum	Age	Age	0.192553235224509	0.331265310870287	77	63	0.562902053593245	0.93143255618883
s__Mariannaea elegans	Sex	M	0.495453080337615	0.841782548179598	77	71	0.558013513139567	0.93143255618883
s__Pseudophaeomoniella oleicola	diagnosis	RA	0.378878787194269	0.641483717431145	77	74	0.556644572566464	0.93143255618883
s__Pseudophaeomoniella oleicola	Smoking_Status	Never_Smoker	-0.62211986126558	1.09574797964062	77	74	0.571990262786312	0.93143255618883
s__Protomyces arabidopsidicola	Age	Age	-0.230080078220844	0.398762573784349	77	57	0.565774511553444	0.93143255618883
s__Pseudozyma thailandica	Smoking_Status	Former_Smoker	-0.547333235672865	0.936215355211698	77	77	0.560654301653259	0.93143255618883
s__Apiotrichum gamsii	Smoking_Status	Never_Smoker	-0.691157012617685	1.14853312793446	77	19	0.549241616412095	0.93143255618883
s__Dothiorella sarmentorum	Sex	M	-0.516206086417507	0.890807082863689	77	26	0.564098651103956	0.93143255618883
s__Botrytis tulipae	Smoking_Status	Never_Smoker	-0.384219026107896	0.635808522702843	77	35	0.547570499420545	0.93143255618883
s__Suhomyces faveliae	Age	Age	0.0746313743611389	0.132036144545289	77	16	0.573696134597882	0.93143255618883
s__Suhomyces faveliae	Smoking_Status	Former_Smoker	-0.376139727224457	0.622298613960905	77	16	0.547480495384153	0.93143255618883
s__Aspergillus spinulosporus	diagnosis	RA	-0.274541129305061	0.46993606902759	77	17	0.560931032997834	0.93143255618883
s__Tuber melosporum	Age	Age	-0.118983948681254	0.192429297717853	77	55	0.538339354944971	0.93143255618883
s__Tausonia pullulans	Smoking_Status	Former_Smoker	-0.570510970318337	0.96114970266545	77	10	0.554685166586043	0.93143255618883
s__Trichosporon faecale	diagnosis	RA	0.0793633678284299	0.131703863701806	77	8	0.548701653148413	0.93143255618883
s__Xenoacremonium recifei	Sex	M	-0.597185367310265	0.983402859783109	77	36	0.54561285248911	0.93143255618883
s__Meyerozyma caribbica	Sex	M	-0.339776077620377	0.562240461525633	77	8	0.547553777644434	0.93143255618883
s__Tetrapisispora blattae	Age	Age	0.0701678442394474	0.123017740450241	77	12	0.570215292714191	0.93143255618883
s__Tetrapisispora blattae	Smoking_Status	Former_Smoker	0.345745964122395	0.57979403774948	77	12	0.552854376164644	0.93143255618883
s__Tetrapisispora blattae	Smoking_Status	Never_Smoker	-0.233765119178702	0.410717579830884	77	12	0.571041973881473	0.93143255618883
s__Botryosphaeria dothidea	diagnosis	RA	-0.294552759484329	0.473761322437707	77	23	0.53610918614564	0.93143255618883
s__Curvularia sp. ZM96	Smoking_Status	Former_Smoker	-0.453701221533245	0.764720875588035	77	14	0.554872418441555	0.93143255618883
s__Kazachstania exigua	Smoking_Status	Former_Smoker	0.400486146192566	0.708876825205145	77	9	0.573882639458279	0.93143255618883
s__Hyphopichia heimii	Sex	M	-0.197173804404063	0.350721313341607	77	8	0.575753769197543	0.932029600267563
s__Sarocladium oryzae	Smoking_Status	Former_Smoker	-0.518264867462127	0.937957164701684	77	34	0.582309448252687	0.940187129991317
s__Ganoderma multipileum	Sex	M	0.256034204772183	0.477432495473242	77	77	0.59344609341583	0.940514743020146
s__Cladosporium sp. SL-16	Smoking_Status	Former_Smoker	0.970733396006678	1.77770993274518	77	41	0.586737587714859	0.940514743020146
s__Tuber melosporum	Smoking_Status	Former_Smoker	0.497757524056916	0.90693715472899	77	55	0.584841568499889	0.940514743020146
s__Malassezia arunalokei	Smoking_Status	Never_Smoker	0.50337681311545	0.942492019496683	77	25	0.594946732304054	0.940514743020146
s__Myriosclerotinia scirpicola	Smoking_Status	Former_Smoker	-0.928402583935314	1.75148906328937	77	33	0.597720886682166	0.940514743020146
s__Epichloe festucae	Sex	M	0.237339286350945	0.442867056103723	77	11	0.593691984288729	0.940514743020146
s__Tausonia pullulans	diagnosis	RA	-0.210429249517088	0.398598391551937	77	10	0.599198908859609	0.940514743020146
s__Trichosporon faecale	Smoking_Status	Former_Smoker	0.168034716831746	0.317580632837019	77	8	0.598380345519356	0.940514743020146
s__Sarocladium oryzae	Age	Age	-0.105623316443825	0.199010965149958	77	34	0.597254417333933	0.940514743020146
s__Lachancea kluyveri	Smoking_Status	Former_Smoker	-0.208089356429909	0.384154800616033	77	8	0.589734155664356	0.940514743020146
s__Malassezia pachydermatis	Smoking_Status	Never_Smoker	0.398209023884009	0.739565656218853	77	9	0.591959953851948	0.940514743020146
s__Trichoderma orchidacearum	Sex	M	0.104020711307975	0.198246442478952	77	8	0.601423459483698	0.941622588080538
s__Periglandula ipomoeae	Smoking_Status	Former_Smoker	1.01933004281007	1.9623952691706401	77	44	0.605075392776836	0.944954013908408
s__Laccaria trichodermophora	Age	Age	0.130110850930846	0.252533662777999	77	48	0.607998502565974	0.945223535475636
s__[Candida] boidinii	Sex	M	0.395441833290027	0.770529319238588	77	21	0.609399073798543	0.945223535475636
s__Trametes hirsuta	Smoking_Status	Never_Smoker	-0.620021396689139	1.20955978117811	77	35	0.609821635790733	0.945223535475636
s__Scheffersomyces stambukii	Sex	M	0.213064298928599	0.429307522926531	77	77	0.621217476532925	0.948657230173432
s__Malassezia globosa	Smoking_Status	Never_Smoker	0.671942055321017	1.32781122075448	77	55	0.61438757314135	0.948657230173432
s__[Candida] boidinii	Smoking_Status	Never_Smoker	0.497632561108613	0.997231206070496	77	21	0.619312027049798	0.948657230173432
s__Metschnikowia sp. MTCC 13085	Sex	M	-0.256760761778479	0.510761400575554	77	19	0.616729601054548	0.948657230173432
s__Heterodoassansia hygrophilae	diagnosis	RA	-0.211882184965421	0.425805119089096	77	12	0.620301084187357	0.948657230173432
s__Kazachstania exigua	Sex	M	-0.195680760840079	0.388001705016117	77	9	0.615591321268919	0.948657230173432
s__Mariannaea elegans	Smoking_Status	Former_Smoker	0.759196289167483	1.53793174759854	77	71	0.623078726338365	0.949161696141981
s__Apiotrichum gamsii	Sex	M	0.435799927593697	0.887435575424367	77	19	0.624885951536681	0.949581593021427
s__Botryosphaeria kuwatsukai	Age	Age	0.0471452193532529	0.0974962959618822	77	14	0.630186832637728	0.952965454232662
s__Kazachstania exigua	Smoking_Status	Never_Smoker	-0.243008850594463	0.502157930386063	77	9	0.62992548143969	0.952965454232662
s__Ophiosphaerella herpotricha	Age	Age	0.0820228515937021	0.176618184210372	77	76	0.643776587899591	0.953037704226588
s__Lasiodiplodia sp. KE8409	Smoking_Status	Never_Smoker	0.626379616537128	1.36167998052008	77	64	0.646918249395011	0.953037704226588
s__Periglandula ipomoeae	Sex	M	-0.511568082689788	1.0741114440205	77	44	0.635343757230059	0.953037704226588
s__Protomyces arabidopsidicola	Smoking_Status	Former_Smoker	0.863386792539766	1.87940505094321	77	57	0.647354993149826	0.953037704226588
s__Podaxis sp. AQ645840	diagnosis	RA	-0.251660175681207	0.550029593355628	77	20	0.648680501909064	0.953037704226588
s__Sclerotinia minor	Smoking_Status	Former_Smoker	0.200501787372691	0.434468648368237	77	14	0.645859770112189	0.953037704226588
s__Xenoacremonium recifei	Smoking_Status	Never_Smoker	-0.600285892251376	1.27273550198422	77	36	0.638622742498793	0.953037704226588
s__Zalaria sp. Him3	Smoking_Status	Never_Smoker	-0.319418551014746	0.680539533954544	77	18	0.64025001067809	0.953037704226588
s__Aureobasidium sp. P6	Sex	M	0.203371765208289	0.426750098552066	77	18	0.635139322886822	0.953037704226588
s__Lachancea kluyveri	Smoking_Status	Never_Smoker	0.127663808632761	0.272129617962037	77	8	0.640415066245716	0.953037704226588
s__Aphanoascus verrucosus	Smoking_Status	Never_Smoker	-0.426637945832209	0.890700441422551	77	20	0.633416620975552	0.953037704226588
s__Curvularia sp. ZM96	Smoking_Status	Never_Smoker	-0.25076930073196	0.541717035392115	77	14	0.644840566715293	0.953037704226588
s__Pseudozyma thailandica	Age	Age	-0.0897649743278143	0.198641396900198	77	77	0.652722434686853	0.956362840789925
s__Sclerotinia minor	Sex	M	0.10702976983615	0.237805173408144	77	14	0.654028781443433	0.956362840789925
s__Curvularia eragrostidis	Sex	M	-0.155277214087912	0.383240817596317	77	77	0.686571702155751	0.969194913415264
s__Rosellinia necatrix	Sex	M	-0.238411070392228	0.560367682997885	77	49	0.671792063167058	0.969194913415264
s__Aspergillus fumigatiaffinis	Smoking_Status	Never_Smoker	-0.342771643777293	0.820499576004228	77	60	0.677383544979509	0.969194913415264
s__Aspergillus jensenii	Sex	M	0.133521691289816	0.334471005274971	77	13	0.690942180208947	0.969194913415264
s__Trichophyton mentagrophytes	Sex	M	-0.375258649168352	0.889304244402772	77	63	0.674322773141814	0.969194913415264
s__Physisporinus lineatus	Sex	M	-0.371427408276331	0.905837987209162	77	73	0.683013178766193	0.969194913415264
s__Podaxis sp. AQ645840	Smoking_Status	Never_Smoker	0.398453400699742	0.939530964364148	77	20	0.672776410319584	0.969194913415264
s__Malassezia cuniculi	diagnosis	RA	-0.28868740056753	0.695684718573296	77	20	0.679416071250301	0.969194913415264
s__Apiotrichum gamsii	Age	Age	0.137555077513212	0.344007554507216	77	19	0.690459618480785	0.969194913415264
s__Epichloe festucae	Smoking_Status	Former_Smoker	0.329585494925464	0.809115497844824	77	11	0.684983485978484	0.969194913415264
s__Sphaerostilbella broomeana	diagnosis	RA	-0.0828819378039568	0.195009340993464	77	13	0.672110918199727	0.969194913415264
s__Lasiodiplodia citricola	Sex	M	-0.310846597186283	0.754572107658619	77	25	0.681616553534336	0.969194913415264
s__Lasiodiplodia citricola	Age	Age	0.124135829807112	0.292504056230638	77	25	0.672564541402737	0.969194913415264
s__Metschnikowia sp. MTCC 13085	diagnosis	RA	-0.154796600564707	0.386989979338034	77	19	0.690356277251142	0.969194913415264
s__Heterodoassansia hygrophilae	Age	Age	0.0944528457672662	0.21785140896169	77	12	0.665918520045273	0.969194913415264
s__Yamadazyma philogaea	diagnosis	RA	0.094413651457386	0.22579327944927	77	11	0.677105314854778	0.969194913415264
s__Yamadazyma philogaea	Sex	M	-0.126632066219371	0.298008986820094	77	11	0.672174925685294	0.969194913415264
s__Saccharomyces cerevisiae	Smoking_Status	Never_Smoker	0.457493573323985	1.13960372647761	77	17	0.689294835123827	0.969194913415264
s__Fusarium bulbicola	Age	Age	0.108650052168192	0.273639641593099	77	19	0.692517792551006	0.969212260455133
s__Golubevia sp. BC0812	diagnosis	RA	0.0625296947887448	0.158599033471311	77	10	0.694568782861364	0.96989334543704
s__Metarhizium humberi	Sex	M	0.210566419926808	0.53876549056421	77	27	0.697092236127757	0.971229632357774
s__Zasmidium angulare	diagnosis	RA	0.153104143595118	0.420515388457209	77	75	0.716875150468348	0.977276518623851
s__Kurtzmaniella fragi	Sex	M	-0.232004189860171	0.624345186635907	77	14	0.711300310907273	0.977276518623851
s__Periglandula ipomoeae	Smoking_Status	Never_Smoker	0.515391974974639	1.39013198333991	77	44	0.711927337320499	0.977276518623851
s__Clarireedia paspali	Smoking_Status	Never_Smoker	0.26219358321971997	0.713175421270102	77	77	0.714233511399567	0.977276518623851
s__Trichoderma orchidacearum	Age	Age	-0.0285181194309084	0.0768487040136155	77	8	0.711672276120955	0.977276518623851
s__Kluyveromyces marxianus	Age	Age	0.0834098296645754	0.22700637554015	77	9	0.714388410439986	0.977276518623851
s__Trichophyton simii	diagnosis	RA	-0.222912958631437	0.588926013695848	77	25	0.706183004816968	0.977276518623851
s__Trichophyton simii	Smoking_Status	Never_Smoker	-0.365828551113516	1.00597173728622	77	25	0.717194864473955	0.977276518623851
s__Malassezia pachydermatis	Sex	M	-0.210209057918282	0.571439219059364	77	9	0.714072764427653	0.977276518623851
s__Kazachstania exigua	diagnosis	RA	0.10996687216298	0.293978306970943	77	9	0.709471054926029	0.977276518623851
s__Candida albicans	Smoking_Status	Former_Smoker	-0.545029881230559	1.51760236625467	77	27	0.720557127469195	0.977481080573992
s__Ustanciosporium gigantosporum	Sex	M	0.225487464112626	0.635198365264948	77	71	0.723651316102359	0.977481080573992
s__Exserohilum rostratum	Sex	M	-0.423253916163883	1.17800303667041	77	49	0.720438692948415	0.977481080573992
s__Trichoderma orchidacearum	diagnosis	RA	-0.0533240090419934	0.150205921184171	77	8	0.7236374698008	0.977481080573992
s__Kurtzmaniella fragi	Age	Age	0.0826988936157432	0.24202259495881	77	14	0.733586676078948	0.978115568105264
s__Wickerhamomyces pijperi	Sex	M	0.123384338202224	0.354412753477699	77	21	0.728767097120384	0.978115568105264
s__Pseudozyma thailandica	Smoking_Status	Never_Smoker	-0.22826617374131	0.663201205699886	77	77	0.731721925310396	0.978115568105264
s__Laccaria trichodermophora	Smoking_Status	Never_Smoker	0.290269942573003	0.843130547044653	77	48	0.731656054481887	0.978115568105264
s__Scedosporium minutisporum	Sex	M	0.107169194701993	0.309825038453869	77	15	0.730439010104141	0.978115568105264
s__Alternaria viburni	diagnosis	RA	-0.266686541644341	0.777822011049508	77	23	0.732714433644614	0.978115568105264
s__Dothiorella sarmentorum	Age	Age	-0.115582254039768	0.345314493355875	77	26	0.738826225568855	0.982987682087318
s__Zasmidium angulare	Smoking_Status	Former_Smoker	-0.273897673331731	1.01399867422503	77	75	0.787854300527406	0.983715702269657
s__Teratosphaeria gauchensis	Smoking_Status	Never_Smoker	-0.218149032613672	0.80900824812232	77	51	0.78821172806698	0.983715702269657
s__Lasiodiplodia sp. KE8368	diagnosis	RA	0.172664276291183	0.610725280573669	77	38	0.778214057785326	0.983715702269657
s__Diplodia sapinea	Smoking_Status	Never_Smoker	0.255081383368873	0.781534766837163	77	47	0.745093079033428	0.983715702269657
s__Candida albicans	Smoking_Status	Never_Smoker	-0.326903809539002	1.07504722441292	77	27	0.761953923426145	0.983715702269657
s__Rosellinia necatrix	Smoking_Status	Never_Smoker	0.206619510714106	0.725236699508221	77	49	0.776550586314933	0.983715702269657
s__Xylaria sp. 218_066	Sex	M	0.229152861186671	0.70658582493532	77	76	0.746656860607064	0.983715702269657
s__Xylaria sp. 218_066	Age	Age	-0.0760393749191254	0.273902543933094	77	76	0.78211490786123	0.983715702269657
s__Penicillium expansum	diagnosis	RA	-0.174537368981852	0.648364075661165	77	30	0.788559200045193	0.983715702269657
s__Pseudozyma thailandica	diagnosis	RA	-0.109159907596593	0.388257868361949	77	77	0.77941070582639	0.983715702269657
s__Ganoderma multipileum	Age	Age	0.0516678818870703	0.185073023618068	77	77	0.780921633490299	0.983715702269657
s__Malassezia cuniculi	Age	Age	-0.105080248314072	0.355927839614812	77	20	0.768680512068456	0.983715702269657
s__Pseudocercospora ulei	Smoking_Status	Never_Smoker	0.190623562183755	0.647146811301659	77	9	0.769189553277074	0.983715702269657
s__Myriosclerotinia scirpicola	diagnosis	RA	-0.215651482730782	0.726360026447365	77	33	0.767414747687707	0.983715702269657
s__Claviceps fusiformis	diagnosis	RA	-0.224824282062412	0.8286887688692	77	33	0.786946611481949	0.983715702269657
s__Calonectria naviculata	diagnosis	RA	0.149789139471435	0.522616292594013	77	14	0.775242621856622	0.983715702269657
s__Calonectria naviculata	Age	Age	-0.0802504054233926	0.267382167531241	77	14	0.764952160918431	0.983715702269657
s__Calonectria naviculata	Smoking_Status	Never_Smoker	0.286752780098038	0.892705038610165	77	14	0.748988988458171	0.983715702269657
s__Pyricularia oryzae	Smoking_Status	Former_Smoker	0.580856402806768	1.87959325981011	77	54	0.758201435003253	0.983715702269657
s__Pyricularia oryzae	Smoking_Status	Never_Smoker	0.426686653171379	1.33147625617567	77	54	0.749559903166095	0.983715702269657
s__Lasiodiplodia citricola	diagnosis	RA	0.156532795992748	0.571718700792211	77	25	0.785038356507575	0.983715702269657
s__Lasiodiplodia citricola	Smoking_Status	Former_Smoker	0.40635973398004	1.37859878745424	77	25	0.769035195832139	0.983715702269657
s__Zalaria sp. Him3	Sex	M	-0.143270973212076	0.525831583108192	77	18	0.786054947738219	0.983715702269657
s__Metschnikowia sp. MTCC 13085	Age	Age	0.0631931255601959	0.197992716558219	77	19	0.750535561656662	0.983715702269657
s__Metschnikowia sp. MTCC 13085	Smoking_Status	Never_Smoker	-0.181162340664474	0.661035465871093	77	19	0.784835485673202	0.983715702269657
s__Calvatia gigantea	Sex	M	0.228040853415132	0.730848290010294	77	50	0.755938176334352	0.983715702269657
s__Heterodoassansia hygrophilae	Smoking_Status	Never_Smoker	-0.229025034070478	0.727337399662981	77	12	0.753775230201401	0.983715702269657
s__Trametes hirsuta	Sex	M	-0.254711241248142	0.934588959005822	77	35	0.785999252024396	0.983715702269657
s__Fusarium staphyleae	Smoking_Status	Never_Smoker	0.177607590466439	0.65786623586012	77	8	0.787962468516201	0.983715702269657
s__Saccharomyces cerevisiae	Age	Age	0.0972019602267701	0.341333028641419	77	17	0.776648098544245	0.983715702269657
s__Fusarium bulbicola	Smoking_Status	Never_Smoker	0.261889735492023	0.913596778233528	77	19	0.775209130231425	0.983715702269657
s__Ophiosphaerella narmari	diagnosis	RA	0.0714878815984619	0.325971255096974	77	77	0.827039916614907	0.984956225883912
s__Ophiosphaerella herpotricha	diagnosis	RA	-0.0896996560625539	0.345212029242475	77	76	0.795739733768467	0.984956225883912
s__Cercospora citrullina	Smoking_Status	Never_Smoker	0.169108969001284	0.843689546922671	77	16	0.841709674167218	0.984956225883912
s__Scheffersomyces stambukii	diagnosis	RA	0.0566765784624798	0.325274598354119	77	77	0.862170961342733	0.984956225883912
s__Pichia nakasei	Smoking_Status	Former_Smoker	0.319920308610398	1.38445846399318	77	22	0.817917468536572	0.984956225883912
s__Fusarium fracticaudum	Smoking_Status	Never_Smoker	-0.239490390300422	1.10599078039157	77	63	0.829188423061265	0.984956225883912
s__Xylaria sp. 218_066	diagnosis	RA	0.127172074113231	0.535360803467408	77	76	0.81291845102645	0.984956225883912
s__Aspergillus hortae	Age	Age	0.0409259792114831	0.247219790005441	77	19	0.868985573481451	0.984956225883912
s__Aspergillus fumigatiaffinis	Smoking_Status	Former_Smoker	-0.246137434225721	1.15826734842738	77	60	0.832322114793105	0.984956225883912
s__Aspergillus sp. HF37	Smoking_Status	Former_Smoker	-0.330511172889762	1.60097697533562	77	30	0.837035421264672	0.984956225883912
s__Aspergillus jensenii	Age	Age	-0.0265005948325049	0.129655104848813	77	13	0.838631181215176	0.984956225883912
s__Byssoonygena ceratinophila	Sex	M	-0.0913725539457515	0.550368095848299	77	75	0.868612438829138	0.984956225883912
s__Clarireedia sp. CPB17	Smoking_Status	Never_Smoker	0.189439020584611	0.756930255986776	77	59	0.803099201051824	0.984956225883912
s__Clarireedia monteithiana	diagnosis	RA	0.156962996925482	0.747877417823346	77	46	0.834364006329714	0.984956225883912
s__Clarireedia monteithiana	Sex	M	0.165953022581506	0.987071856588351	77	46	0.866961698008405	0.984956225883912
s__Clarireedia paspali	Sex	M	-0.129034030779497	0.551048311067492	77	77	0.815533892741462	0.984956225883912
s__Hymenoscyphus linearis	Sex	M	-0.134463590764733	0.594167428737388	77	45	0.821613765112806	0.984956225883912
s__Protomyces arabidopsidicola	diagnosis	RA	-0.139445240865021	0.779408065468965	77	57	0.858516579234021	0.984956225883912
s__Pseudozyma thailandica	Sex	M	0.0907229839999544	0.512434799909399	77	77	0.859978712830024	0.984956225883912
s__Moesziomyces parantarcticus	Smoking_Status	Former_Smoker	0.398071677717506	1.93063320357444	77	44	0.837234864821844	0.984956225883912
s__Ganoderma multipileum	diagnosis	RA	0.0797997602319473	0.36173757717458	77	77	0.826036061167637	0.984956225883912
s__Physisporinus lineatus	diagnosis	RA	-0.17995644778972	0.686328731103527	77	73	0.793925320376959	0.984956225883912
s__Physisporinus lineatus	Smoking_Status	Never_Smoker	0.280633204366624	1.17234981970797	77	73	0.811503194299757	0.984956225883912
s__Laccaria trichodermophora	diagnosis	RA	-0.111291042516363	0.493593899005267	77	48	0.822260730333145	0.984956225883912
s__Malassezia cuniculi	Smoking_Status	Former_Smoker	0.30575568223265	1.67752096992217	77	20	0.855893088859905	0.984956225883912
s__Aspergillus spinulosporus	Age	Age	-0.060990337322064	0.240429788581657	77	17	0.800482009384575	0.984956225883912
s__Candida dubliniensis	Age	Age	0.0474309377478144	0.215153817298104	77	21	0.826152380912471	0.984956225883912
s__Alternaria burnsii	Age	Age	0.0758152405803687	0.424817652892025	77	49	0.858865766839394	0.984956225883912
s__Alternaria burnsii	Smoking_Status	Never_Smoker	0.263921309759109	1.41833265370229	77	49	0.852913769870114	0.984956225883912
s__Ustanciosporium gigantosporum	Age	Age	-0.043003952683872	0.246229745925257	77	71	0.861851962006291	0.984956225883912
s__Calonectria naviculata	Smoking_Status	Former_Smoker	-0.298164509390519	1.26019699246429	77	14	0.813647234645778	0.984956225883912
s__Phaeosphaeria sp. H6.2b	Smoking_Status	Never_Smoker	-0.273665745954954	1.28083740706181	77	25	0.83142334876378	0.984956225883912
s__Teratosphaeria destructans	diagnosis	RA	-0.206845880857324	0.813994395628371	77	27	0.800143391361963	0.984956225883912
s__Teratosphaeria destructans	Age	Age	-0.0943571118875385	0.416457712753461	77	27	0.82140863059696	0.984956225883912
s__Zalaria sp. Him3	Smoking_Status	Former_Smoker	0.245763837524466	0.960691199052456	77	18	0.798829684567527	0.984956225883912
s__Cryptococcus sp. VH57_BW	diagnosis	RA	0.148471749112589	0.710549356976292	77	20	0.835082906221605	0.984956225883912
s__Protomyces inundatus	Smoking_Status	Never_Smoker	-0.0616853579495323	0.362293320805749	77	12	0.865287096771113	0.984956225883912
s__Cercospora canescens	diagnosis	RA	-0.169001789500753	0.781259308181917	77	15	0.829358860192684	0.984956225883912
s__Hyphopichia heimii	Smoking_Status	Never_Smoker	0.0802365403384198	0.453909059091861	77	8	0.860193999702975	0.984956225883912
s__Trametes hirsuta	diagnosis	RA	0.162048335238376	0.708112558090061	77	35	0.819646930572063	0.984956225883912
s__Trametes hirsuta	Smoking_Status	Former_Smoker	-0.37781442218105	1.70748851246494	77	35	0.82551805113477	0.984956225883912
s__Saccharomyces boulardii (nom. inval.)	Sex	M	0.171855719271431	0.887386596288567	77	20	0.84699119757588	0.984956225883912
s__Saccharomyces cerevisiae	Sex	M	-0.17041511313561	0.880536106591187	77	17	0.847092113413335	0.984956225883912
s__Aphanoascus verrucosus	diagnosis	RA	0.131607921452314	0.521442741303246	77	20	0.801467402128092	0.984956225883912
s__Aphanoascus verrucosus	Sex	M	-0.16833701224058	0.688216333982544	77	20	0.807472472315151	0.984956225883912
s__Aphanoascus verrucosus	Smoking_Status	Former_Smoker	0.208648001547811	1.25736718055815	77	20	0.868675487164133	0.984956225883912
s__Trichophyton simii	Sex	M	-0.129482354972962	0.777282853951939	77	25	0.868171423959095	0.984956225883912
s__Curvularia sp. ZM96	diagnosis	RA	0.0633042235013317	0.317137393009919	77	14	0.842355137688527	0.984956225883912
s__Malassezia pachydermatis	Smoking_Status	Former_Smoker	-0.184169485196914	1.04401608077388	77	9	0.860478119048655	0.984956225883912
s__Apiotrichum porosum	Age	Age	0.0368555320620352	0.191161909082762	77	9	0.847668017428989	0.984956225883912
s__Ophiosphaerella narmari	Sex	M	0.0519740545126056	0.430226992144596	77	77	0.90418583130456	0.986475372803343
s__Zasmidium angulare	Age	Age	0.0142344866123849	0.215145064628279	77	75	0.947434582919492	0.986475372803343
s__Zasmidium angulare	Smoking_Status	Never_Smoker	0.0606465275206841	0.718301766340993	77	75	0.932951829253881	0.986475372803343
s__Cercospora citrullina	Smoking_Status	Former_Smoker	0.10125911583028	1.19100372869051	77	16	0.932484791480784	0.986475372803343
s__Teratosphaeria gauchensis	Sex	M	0.0468610959021357	0.625095334852595	77	51	0.940452334393726	0.986475372803343
s__Lasiodiplodia theobromae	Age	Age	0.0353337677777491	0.392024499538434	77	26	0.928436478869002	0.986475372803343
s__Lasiodiplodia sp. KE8368	Smoking_Status	Former_Smoker	0.0988145479906661	1.4726562732684	77	38	0.946691062238695	0.986475372803343
s__[Candida] ascalaphidarum	Smoking_Status	Never_Smoker	-0.137364203266809	1.09390262991413	77	32	0.900425144415346	0.986475372803343
s__Pichia nakasei	Sex	M	0.065281395295716	0.757779384871119	77	22	0.931591024829706	0.986475372803343
s__Mariannaea elegans	Smoking_Status	Never_Smoker	-0.0854775238769453	1.08944825954158	77	71	0.937683281540813	0.986475372803343
s__Albifimbria verrucaria	Smoking_Status	Former_Smoker	0.139398809740099	1.27530957180972	77	56	0.913268248717291	0.986475372803343
s__Aspergillus hortae	Smoking_Status	Never_Smoker	-0.065104465053257607	0.825389195620975	77	19	0.937352113217181	0.986475372803343
s__Aspergillus sp. HF37	Age	Age	-0.0423659967389287	0.33968712541978	77	30	0.901097165413265	0.986475372803343
s__Aspergillus jensenii	Smoking_Status	Former_Smoker	0.0849053047428171	0.611076552698772	77	13	0.889887905600367	0.986475372803343
s__Talaromyces islandicus	Smoking_Status	Never_Smoker	0.0744486783538108	0.538617521128222	77	77	0.890456406815236	0.986475372803343
s__Clarireedia monteithiana	Smoking_Status	Former_Smoker	-0.170246111964943	1.8033744566113	77	46	0.925054002466345	0.986475372803343
s__Hymenoscyphus linearis	Smoking_Status	Never_Smoker	-0.0886544732675105	0.768980863898992	77	45	0.908542074627138	0.986475372803343
s__Oidium heveae	diagnosis	RA	-0.0842756095423702	0.640300942587518	77	67	0.895658116681989	0.986475372803343
s__Protomyces arabidopsidicola	Smoking_Status	Never_Smoker	-0.121609057343876	1.33134293177893	77	57	0.927477156400438	0.986475372803343
s__Morchella punctipes	diagnosis	RA	0.021653221067501	0.298937636657494	77	17	0.942460266146154	0.986475372803343
s__Ganoderma multipileum	Smoking_Status	Never_Smoker	-0.074755347135171	0.61790067086416	77	77	0.904046403054609	0.986475372803343
s__Dothiorella sarmentorum	diagnosis	RA	0.0733749532641641	0.674940224933068	77	26	0.913736581946037	0.986475372803343
s__Cladosporium sp. SL-16	Sex	M	-0.15167791147377	0.973024452773734	77	41	0.8765676568874	0.986475372803343
s__Clarireedia hainanense	diagnosis	RA	-0.0922271917891905	0.668514005009963	77	69	0.890663727276102	0.986475372803343
s__Aspergillus spinulosporus	Sex	M	-0.0576494417781896	0.620236227325775	77	17	0.926207004619592	0.986475372803343
s__Aspergillus spinulosporus	Smoking_Status	Former_Smoker	0.0873017588224026	1.13316792689261	77	17	0.938806663353508	0.986475372803343
s__Trichomonascus petasosporus	Smoking_Status	Former_Smoker	-0.0982942643689591	0.925031559472035	77	33	0.915675377913581	0.986475372803343
s__Trichomonascus petasosporus	Smoking_Status	Never_Smoker	-0.0731540936070982	0.655278769075068	77	33	0.911425349302812	0.986475372803343
s__Saccharomycopsis sp. KB-2023a	Sex	M	0.0767434914269375	0.70107936818021	77	13	0.913142667218591	0.986475372803343
s__Saccharomycopsis sp. KB-2023a	Smoking_Status	Never_Smoker	0.088888719077343	0.90734798329589506	77	13	0.922235800282324	0.986475372803343
s__Sclerotinia minor	diagnosis	RA	-0.0174520977915799	0.180178492423258	77	14	0.923110433533632	0.986475372803343
s__Tausonia pullulans	Sex	M	0.051941207003306	0.526082543750821	77	10	0.921629245096691	0.986475372803343
s__Tausonia pullulans	Age	Age	0.0150774832531536	0.203931839511971	77	10	0.941270858775783	0.986475372803343
s__Tausonia pullulans	Smoking_Status	Never_Smoker	0.0475205073137388	0.680864331179096	77	10	0.944553522971606	0.986475372803343
s__Xylaria cf. heliscus	Sex	M	-0.0445702934323167	0.369388403581017	77	19	0.904301392512251	0.986475372803343
s__Xenoacremonium recifei	Smoking_Status	Former_Smoker	0.125725408471709	1.79667122110134	77	36	0.944408800503712	0.986475372803343
s__Pyricularia oryzae	diagnosis	RA	0.0813149091343462	0.779486117567838	77	54	0.917210637261069	0.986475372803343
s__Pyricularia oryzae	Sex	M	0.13176981008441	1.02879000076223	77	54	0.898445927104946	0.986475372803343
s__Metschnikowia sp. MTCC 13085	Smoking_Status	Former_Smoker	-0.0607345975194434	0.93315806450462	77	19	0.948289229339988	0.986475372803343
s__Atkinsonella texensis	Sex	M	0.0617609083640452	0.804237254462077	77	17	0.939003109135522	0.986475372803343
s__Tetrapisispora blattae	diagnosis	RA	-0.0341996798147004	0.240446384405518	77	12	0.887297930412553	0.986475372803343
s__Scedosporium minutisporum	Smoking_Status	Former_Smoker	0.0838524811263189	0.566048516769063	77	15	0.882654905163424	0.986475372803343
s__Fusarium staphyleae	diagnosis	RA	0.0344286395769246	0.38513461707718	77	8	0.929020656829707	0.986475372803343
s__Saccharomyces cerevisiae	Smoking_Status	Former_Smoker	0.214685708674671	1.60873427010567	77	17	0.894214975699686	0.986475372803343
s__Fusarium bulbicola	diagnosis	RA	-0.0374387851396436	0.534846943296736	77	19	0.944391189843955	0.986475372803343
s__Fusarium bulbicola	Sex	M	0.0747734882462465	0.705907616313687	77	19	0.915940314391729	0.986475372803343
s__Exophiala spinifera	diagnosis	RA	-0.0939586147300948	0.59518882844935606	77	17	0.875012445557709	0.986475372803343
s__Exophiala spinifera	Smoking_Status	Former_Smoker	-0.135643646082458	1.43519285982707	77	17	0.92496828966803	0.986475372803343
s__Curvularia sp. ZM96	Age	Age	-0.0151771975799699	0.162254573288002	77	14	0.925738500869547	0.986475372803343
s__Malassezia globosa	diagnosis	RA	0.0469215921975836	0.777340495955766	77	55	0.952037150002987	0.988715298160556
s__Oidium heveae	Sex	M	0.043349057985622	0.845089081596552	77	67	0.959234292791174	0.990160745936439
s__Cryptococcus sp. VH57_BW	Sex	M	0.0498592806690296	0.937805121900224	77	20	0.957749011171378	0.990160745936439
s__Aspergillus flavus	Sex	M	-0.0349139653046528	0.690528014361514	77	21	0.959817110173871	0.990160745936439
s__Kluyveromyces marxianus	diagnosis	RA	0.0250069927249121	0.443699112305745	77	9	0.955213130452525	0.990160745936439
s__Albifimbria verrucaria	Sex	M	-0.0304582706104662	0.698037050572707	77	56	0.965318494755625	0.991009543900543
s__Pseudophaeomoniella oleicola	Sex	M	0.0368185880466928	0.846650144590301	77	74	0.965435104057948	0.991009543900543
s__Trichophyton simii	Smoking_Status	Former_Smoker	0.0642469591307435	1.42009118690073	77	25	0.964041875241884	0.991009543900543
s__Lasiodiplodia citricola	Smoking_Status	Never_Smoker	0.0398916381832769	0.976579130994185	77	25	0.967531451403388	0.991519834496034
s__Sphaerostilbella broomeana	Smoking_Status	Former_Smoker	0.0178364668620892	0.470230623317582	77	13	0.969848895209895	0.992254645264249
s__Morchella punctipes	Smoking_Status	Never_Smoker	0.0157905081009396	0.510629190586042	77	17	0.975417209182606	0.994668864626999
s__Trichoderma erinaceum	Sex	M	0.0236110060402012	0.728586922415347	77	68	0.974238749132267	0.994668864626999
s__Ophiosphaerella herpotricha	Sex	M	0.00735765060128384	0.455621563775428	77	76	0.98716113433127	0.996675868572684
s__Fusarium fracticaudum	Smoking_Status	Former_Smoker	0.0237467036902023	1.56128418106906	77	63	0.987907522175711	0.996675868572684
s__Mariannaea elegans	diagnosis	RA	0.0139746611954286	0.637795672421711	77	71	0.982580511936491	0.996675868572684
s__Talaromyces islandicus	Sex	M	0.00492297015695113	0.416172888853186	77	77	0.990595102794286	0.996675868572684
s__Trichomonascus petasosporus	Age	Age	-0.0022263992026261	0.196268476187024	77	33	0.990981092180632	0.996675868572684
s__Saccharomycopsis sp. KB-2023a	Age	Age	0.00500429265480853	0.27176800845268	77	13	0.98536036037214	0.996675868572684
s__Xenoacremonium recifei	diagnosis	RA	0.00612819794316039	0.745097519036453	77	36	0.993460785125675	0.996675868572684
s__Cercospora canescens	Smoking_Status	Former_Smoker	0.0192672880238727	1.88386899615931	77	15	0.991868454076396	0.996675868572684
s__Ogataea ramenticola	Sex	M	0.010987986225185	0.430668450222596	77	10	0.979716720466913	0.996675868572684
s__Apiotrichum porosum	Sex	M	0.0072730703794966	0.493139980687613	77	9	0.988274199081008	0.996675868572684
s__Tetrapisispora blattae	Sex	M	-0.00128334444292121	0.317348610091569	77	12	0.99678473820894	0.998395052810247
s__Trichomonascus petasosporus	Sex	M	-6.0874174176595e-4	0.50631338126338	77	33	0.999044073552886	0.999044073552886
