saliva swab,Pt number,ID,Age,Sex,Height,Weight,BMI,"Alcohol (종류, 양)","Smoking (Current, Ex, Never) - 양도 같이",diagnosis,whole saliva(cc),antibiotics 복용유무,probiotics 복용유무,Disease activity,DAS-28 ESR,DAS-28 CRP,CDAI,SDAI,TJC (0/28),SJC (0/28),PtVAS,PhVAS,ESR,CRP,WBC,Plt,RF,Anti-ccp,Steroid,NSAIDs,DMARDs,F/U activity,DAS-28 ESR,DAS-28 CRP,CDAI,SDAI,Delta DAS-28 ESR,Good Rx
2022120210005 ,5,726735,68,F,150.5,56.85,25.1,None,Never,OA,0.75,No,No,,,,,,,,,,2,<0.6,7390,255,NA,NA,no,no,no,,,,,,,
2022120210006 ,6,658131,70,M,167.4,72.7,25.94,None,"Ex, 10PY",OA,1.5,No,No,,,,,,,,,,2,<0.6,6170,248,NA,NA,no,no,no,,,,,,,
2022120210007 ,7,30060625,69,F,156.6,60.6,24.71,None,Never,OA,0.75,No,No,,,,,,,,,,11,<0.6,5100,259,<10,<8,no,Yes,no,,,,,,,
2022120210008 ,8,30036818,53,F,153.7,41.1,17.4,"3회/주,맥주 1병","Current,20PY(2/3갑/일)",OA,1.5,No,Yes,,,,,,,,,,10,2.6,6270,270,<10,<8,no,no,no,,,,,,,
2022120210009 ,9,30060211,72,F,160,64.95,25.37,None,Never,OA,1.5,No,Yes,,,,,,,,,,5,0.7,6880,238,<10,<8,no,Yes,no,,,,,,,
2022120210010 ,10,6124555,76,F,148.7,53.4,24.15,None,Never,OA,1,No,No,,,,,,,,,,10,<0.6,6480,299,<10,<8,no,Yes,no,,,,,,,
2022120210012 ,12,9518663,78,F,152.2,65.3,28.19,None,Never,OA,1,No,No,,,,,,,,,,2,<0.6,4030,187,<10,<8,no, Ultracet ,no,,,,,,,
2022120210015 ,15,9109498,60,M,164,82,30.49,"2회/주,소주 1병","Current,40PY(1갑/일)",OA,1.5,No,No,,,,,,,,,,2,0.9,6440,208,<10,<8,no,Yes,no,,,,,,,
2022120210017 ,17,6336973,60,F,162.8,67.7,25.54,None,Never,OA,1.5,No,Yes,,,,,,,,,,2,<0.6,4280,225,<10,<8,no,no,no,,,,,,,
2022120210018 ,18,1274627,61,F,160.8,53.6,20.73,None,Never,OA,1.5,No,Yes,,,,,,,,,,2,<0.6,6180,265,<10,<8,no,Airtal,no,,,,,,,
2022120210019 ,19,9554758,60,F,146,52,24.39,None,Never,OA,1.5,No,No,,,,,,,,,,14,7.7,7200,314,<10,<8,no,no,no,,,,,,,
2022120210022 ,22,10750943,49,F,158,46,18.43,None,Never,OA,1,No,No,,,,,,,,,,13,<0.6,4660,283,<10,<8,no,no,no,,,,,,,
2022120210024 ,24,30063563,60,F,150.1,55.55,24.66,None,Never,OA,1.5,No,Yes,,,,,,,,,,3,1.1,5650,184,24,<8,no,no,no,,,,,,,
2022120210027 ,27,9748617,62,M,175.2,75.6,24.63,"1회/주,맥주1잔",Never,OA,1.5,No,No,,,,,,,,,,3,<0.6,6210,199,<6.0,negative,no,no,no,,,,,,,
2022120210030 ,30,30031765,57,F,152.3,80.8,34.83,None,Never,OA,1.5,No,Yes,,,,,,,,,,3,2.1,9000,284,<10,<8,no,no,no,,,,,,,
2022120210031 ,31,30072531,46,F,162,62.5,23.81,"1회/달, 맥주 500cc",Never,OA,1,No,Yes,,,,,,,,,,2,<0.6,7570,254,<10,<8,no,no,no,,,,,,,
2022120210032 ,32,9863462,68,F,156.9,60.8,24.7,None,Never,OA,1.5,No,No,,,,,,,,,,2,0.7,6280,346,<10,<8,no,no,no,,,,,,,
2022120210034 ,34,9916947,58,F,154.1,75.5,31.79,None,Never,OA,1.5,No,Yes,,,,,,,,,,15,1.5,6900,360,<10,<8,no,no,no,,,,,,,
2022120210035 ,35,30073558,59,M,174.4,105.6,34.72,None,Never,OA,1.5,No,No,,,,,,,,,,23,<0.6,8900,220,<10,<8,no,no,no,,,,,,,
2022120210036 ,36,3704643,71,F,151.4,50.5,22.03,None,Never,OA,1.5,No,No,,,,,,,,,,5,<0.6,3900,244,<10,negative,no,pelubi,no,,,,,,,
2022120210038 ,38,9511636,63,F,153,49.8,21.27,None,Never,OA,1.5,No,No,,,,,,,,,,8,0.7,6050,180,8.5,negative,no,no,no,,,,,,,
2022120210041 ,41,9728127,67,F,153.7,52.3,22.14,None,"Current,12PY(2/5갑/일)",OA,1.5,No,No,,,,,,,,,,4,0.8,7380,231,<10,<8,no,no,no,,,,,,,
2022120210045 ,45,9649812,52,F,152.3,50.65,21.84,"1-2회/달,소주 3-4잔",Never,OA,1.5,No,Yes,,,,,,,,,,8,0.7,4710,154,<10,<8,no,no,no,,,,,,,
2022120210054 ,54,30084791,71,F,158.7,57.8,22.95,None,Never,OA,1.5,No,No,,,,,,,,,,2,1.1,4500,162,18,<8,no,no,no,,,,,,,
2022120210055 ,55,Other,72,M,169.7,75.25,26.1,"3회/주,맥주 1000cc",Never,OA,1.5,No,No,,,,,,,,,,,,,,,,no,no,no,,,,,,,
2022120210057 ,57,9741729,71,F,157.1,57.5,23.3,None,Never,OA,1.5,No,Yes,,,,,,,,,,4,1.2,7860,171,<10,negative,no, Celebrex ,no,,,,,,,
2022120210059 ,59,9565854,55,F,160.1,67.75,26.43,None,Never,OA,0.75,No,Yes,,,,,,,,,,12,<0.6,10360,430,<10,<8,no,no,no,,,,,,,
2022120210060 ,60,9836159,68,M,154.7,64.05,26.76,None,Never,OA,1.5,No,No,,,,,,,,,,3,2.5,7600,305,<10,<8,no,no,no,,,,,,,
2022120210061 ,61,30033696,63,F,153.3,56.65,24.11,None,Never,OA,1,No,No,,,,,,,,,,2,<0.6,6800,217,<10,<8,no,no,no,,,,,,,
2022120210062 ,62,30089123,70,F,153.1,55.95,23.87,None,Never,OA,1.5,No,No,,,,,,,,,,4,<0.6,5380,234,<10,<8,no,Yes,no,,,,,,,
2022120210070 ,71,10494588,53,F,165.5,53.75,1.57,None,Never,OA,1.5,No,Yes,,,,,,,,,,2,0.6,6250,239,<10,<8,no,no,no,,,,,,,
2022120210071 ,70,30096033,57,F,156.7,56.65,1.57,None,Never,OA,1.5,No,Yes,,,,,,,,,,6,0.6,6970,271,<10,<8,no,no,no,,,,,,,
2022120210102 ,신촌 2,5192784,68,F,163,60,22.58,None,Never,OA,,No,No,,,,,,,,,,,,6070,243,7.4,,no,no,no,,,,,,,
2022120210103 ,신촌 3,5192779,69,M,164,61,22.68,None,Never,OA,,No,No,,,,,,,,,,,,7400,228,5.5,,no,Airtal,no,,,,,,,
2022120210001 ,"1,PBMC21",9703121,61,F,152.3,42.6,18.37,None,Never,SNRA,0.75,No,Yes,,5.59,4.99,22,25.22,6,0,100,60,56,32.2,6170,326,12,<8,no,no,no,,1.61,2.25,5.5,5.56,3.98,Y
2022120210004 ,"4,PBMC22",9939014,72,M,169.3,69.45,24.23,"1-2회/달,맥주1-2잔",Ex 17.5PY,SNRA,1.5,No,No,,4.32,3.23,10.5,12.07,1,1,30,55,79,15.7,7560,254,<10,<8,no, Celebrex ,no,,2.62,1.69,3.5,3.56,1.7,Y
2022120210037 ,37,9867619,73,F,148.6,56.4,25.54,None,Never,SNRA,0.75,No,No,,6.31,5.76,29,34.37,9,4,80,80,68,53.7,10830,402,<10,<8,no, Celebrex ,no,,2.34,2.34,5.5,5.56,3.98,Y
2022120210043 ,43,9964946,48,M,170.8,69.2,23.72,"1-2회/달,소주1병",Never,SNRA,1.5,No,Yes,,4.28,3.88,16,16.89,3,1,60,60,23,8.9,7630,292,<10,<8,no,no,no,,2.16,2.52,7.5,7.56,2.13,Y
2022120210051 ,"51,PBMC35",171116,55,M,169.2,67.6,23.61,None,Never,SNRA,1.5,No,No,,5.3,4.79,24,24.73,5,4,90,60,24,7.3,7430,240,<10,<8,no,no,no,,2.92,3,9,9.18,2.37,Y
2022120210066 ,66,30078607,46,F,163.2,63.8,23.95,None,Never,SNRA,1.5,No,No,,3.32,3.97,22,22.06,6,5,60,50,2,0.6,7450,309,12,<8,no,no,no,,,,,,,
2022120210069 ,69,2337992,73,M,159,53,20.96,"2회/주,소주 반병",Ex 36PY,SNRA,1.5,No,Yes,,6.91,6.54,38.5,44.99,13,11,80,65,58,64.9,4970,284,<10,<8,no,ultracet,no,,6.51,6.08,33.5,38.77,0.4,N
2022120210002 ,"2,PBMC19",9740439,58,M,167.2,58.9,21.07,"3-4회/주,소주 1병","Current,40PY(1갑/일)",SPRA,1,No,No,,5.44,4.79,22.5,25,5,4,60,75,54,25,6170,247,>650,384,no,no,no,,3.6,3.14,9,9.63,1.85,N
2022120210003 ,"3,PBMC20",30049484,70,F,146.6,41.5,19.31,None,Never,SPRA,1.5,No,No,,4.89,3.63,14,15.56,1,2,50,60,102,15.6,8540,366,164,>500,no, Celebrex ,no,,4.01,2.96,7,7.44,0.89,N
2022120210011 ,"11,PBMC25",30059832,62,M,159.7,59.4,23.29,"5회/주, 소주 1병","Ex, 37.5PY",SPRA,1.5,No,Yes,,4.39,3.9,18.5,18.74,4,2,70,55,15,2.4,7960,307,79,>500,no,no,no,,4.09,3.57,16,16.11,0.31,N
2022120210013 ,"13,PBMC24",9776149,67,F,154.5,64.55,27.04,None,Never,SPRA,1,No,Yes,,4.9,4.72,28.5,28.64,8,7,80,55,8,1.4,6120,264,85,>500,no,no,no,,0.49,1.21,1,1.1,4.42,Y
2022120210014 ,14,9920772,51,F,164.3,58.6,21.71,None,Never,SPRA,1.5,No,No,,4.17,3.58,20.5,20.6,5,1,60,85,13,1,8080,204,188,>500,no,no,no,,2.5,2.38,6,6.06,1.66,Y
2022120210016 ,16,9896144,63,F,167,64,22.95,None,Never,SPRA,1.5,No,Yes,,4.09,3.44,15.5,15.72,3,2,50,55,18,2.2,6090,179,186,50.9,no,Yes,no,,1.46,1.17,2.5,2.58,2.63,Y
2022120210020 ,20,30037699,49,F,155.5,49.3,20.39,None,Never,SPRA,1,No,No,,3.8,2.25,8.5,8.56,1,1,20,45,46,0.6,5060,283,220,>500,no,no,no,,,,,,,
2022120210021 ,"21,PBMC26",7093110,83,F,146.7,54.8,25.46,None,Never,SPRA,1.5,No,No,,6.19,5.1,26.5,28.94,6,5,70,85,99,24.4,6460,307,23,>500,no, Celebrex ,no,,2.59,1.92,4.5,4.56,3.61,Y
2022120210023 ,"23,PBMC27",750206,65,F,163.9,62.6,23.3,None,Never,SPRA,1.5,No,No,,6.17,5.48,28,32.25,7,4,80,90,74,42.5,7410,372,67,>500,no,Naxozol ,no,,3.86,3.42,10,10.74,2.31,N
2022120210025 ,"25,PBMC28",10823624,40,F,155.8,88.1,36.29,None,Never,SPRA,1.5,No,No,,4.81,4.51,20.5,21.87,4,3,70,65,24,13.7,7950,295,16,>500,no,"Luckyfen, Ultracet",no,,1.6,1.59,3,3.29,3.21,Y
2022120210026 ,26,30057353,28,F,154.2,70.5,29.65,None,Never,SPRA,1.5,No,No,,4.41,3.63,13,14,3,1,40,50,41,10,8870,420,59,>500,no, Celebrex ,no,,0.97,1.13,2,2.06,3.44,Y
2022120210028 ,28,8724044,21,F,166.2,78.75,28.51,None,Never,SPRA,1.5,No,No,,5.64,4.75,24,24.85,6,5,70,60,45,8.5,10160,357,55,367,no,no,no,,4.56,3.71,15,15.8,1.08,N
2022120210029 ,29,30066138,49,F,159.9,69.15,27.05,None,Never,SPRA,1,No,Yes,,4.31,3.9,20,20.06,5,2,80,50,9,0.6,6100,214,91,>500,no,no,no,,2.09,2.25,5.5,5.56,2.22,Y
2022120210033 ,33,30069897,51,F,149.4,48.7,21.82,None,Never,SPRA,1.5,No,No,,4.87,4.03,18,19.75,3,3,40,80,59,17.5,8400,375,23,78.8,no,no,no,,2.53,1.83,2.5,2.77,2.34,Y
2022120210039 ,39,30063829,59,F,153.2,60.2,25.65,None,Never,SPRA,1,No,No,,6.76,5.94,38.5,39.28,18,4,90,75,39,7.8,9690,245,253,>500,no,Yes,no,,3.1,2.33,6,6.1,3.66,Y
2022120210040 ,"40,PBMC29",9593278,61,M,172.2,64.95,21.9,"1-2회/달,소주1병반","Current,4PY(1/10갑/일)",SPRA,1.5,No,No,,6.78,5.92,37,37.86,11,10,100,60,43,8.6,7550,251,126,>500,no,Yes,no,,2.94,1.93,9,9.09,3.84,Y
2022120210042 ,42,9871924,43,F,160,80,31.25,None,Never,SPRA,1.5,No,Yes,,3.92,3.81,17,17.35,2,2,80,50,10,3.5,6830,283,227,>500,no,Yes,no,,1.76,2.08,3,3.29,2.16,Y
2022120210044 ,"44,PBMC30",6147267,64,F,143.2,54.9,26.77,None,Never,SPRA,1.5,No,Yes,,4.89,4.13,23,23.06,5,3,90,60,15,0.6,5250,317,41,18.8,no,no,no,,2.09,2.25,6.5,6.56,2.8,Y
2022120210046 ,46,30075525,54,F,151.8,54.1,23.48,None,Never,SPRA,1.5,No,No,,5.35,3.99,21.5,21.56,5,3,80,55,35,0.6,6920,416,15,98.3,no,no,no,,1.61,1.13,0.5,0.56,3.73,Y
2022120210047 ,"47,PBMC31",9611237,51,F,161.2,49.45,19.03,None,Never,SPRA,1.5,No,No,,6.05,4.93,27,27.64,8,6,70,60,55,6.4,7810,415,211,242,no,no,no,,4.19,3.65,11,12.12,1.87,N
2022120210048 ,"48,PBMC32",30000627,48,F,157.5,77.25,31.14,None,Never,SPRA,1.5,No,No,,5.14,4.26,19,19.51,5,1,80,50,35,5.1,8670,444,155,75.9,no,Yes,no,,5.02,4.14,18,18.35,0.12,N
2022120210049 ,"49,PBMC33",30078889,75,F,147.2,55.9,25.8,None,Never,SPRA,1.5,No,No,,6.62,5.76,36,37.23,10,9,90,80,51,12.3,6140,305,266,86,no,no,no,,3.09,2.67,8,8.17,3.53,Y
2022120210050 ,"50,PBMC34",9741508,62,F,150.9,55.4,24.33,None,Never,SPRA,0.5,No,No,,6.78,5.9,30,34.17,8,7,90,60,96,41.7,7540,545,96,44.4,no,Naxozol ,no,,2.38,1.41,3.5,3.56,4.4,Y
2022120210052 ,"52,PBMC36",30011702,44,F,164.3,63.85,23.65,None,Never,SPRA,1.5,No,No,,4.01,2.81,13,13.06,1,1,60,50,28,0.6,3790,163,99,<8,no,no,no,,2.51,1.13,2,2.06,1.5,Y
2022120210053 ,53,9565456,63,M,164,77.75,28.91,None,Never,SPRA,1.5,No,Yes,,6.28,5.68,25.5,39.67,5,4,80,85,120,141.7,14370,412,11,46.5,no,Yes,no,,2.38,2.35,4.5,4.86,3.91,Y
2022120210056 ,56,9694254,72,M,166.6,54.95,19.8,None,"Ex, 30PY",SPRA,1,No,No,,8.41,7.79,56,69.48,20,17,100,90,120,134.8,16380,555,17,12.7,no,Yes,no,,5.23,4.58,18,21.77,3.18,N
2022120210058 ,58,9804610,54,F,159.9,51.7,20.22,None,Never,SPRA,1.5,No,No,,3.84,3.08,11,11.53,3,3,0,50,30,5.3,7560,337,15,>500,no,pelubi,no,,0.49,1.13,1,1.06,3.35,Y
2022120210063 ,"63,PBMC37",9801766,60,F,147.5,55.95,25.72,None,Never,SPRA,1.5,No,No,,5.33,4.46,22,22.83,6,3,60,70,43,8.3,4230,279,112,312,no," Arcoxia,Celebrex",no,,,,,,,
2022120210064 ,"64,PBMC38",9913510,39,M,181.9,75,22.67,None,Never,SPRA,1.5,No,No,,7.42,6.47,42,47.41,8,15,100,90,120,54.1,6830,487,>650,>500,no,Airtal,no,,,,,,,
2022120210065 ,"65,PBMC39",30088291,57,M,166.3,56.3,20.36,"2회/주,소주 반병","Current,40PY(1갑/일)",SPRA,1.5,No,No,,3.8,3.76,12,13.44,1,1,70,30,17,14.4,7270,254,346,>500,no,Yes,no,,2.8,2.72,7.5,7.8,1.01,Y
2022120210067 ,"67,PBMC40",30091432,59,M,168,66.3,23.46,None,"Current,45PY(1갑/일)",SPRA,1.5,No,No,,6.84,6.04,36.5,40.54,13,10,60,75,83,40.4,6450,411,>650,>500,no,vimovo,no,,,,,,,
2022120210068 ,68,857408,48,F,173.3,59.9,19.94,None,Never,SPRA,1.5,No,No,,5.16,3.71,15,15.57,3,2,50,50,83,5.7,6940,261,119,75.9,no,Acecrona,no,,,,,,,
2022120210072 ,72,6397705,52,F,162.1,73.3,27.9,None,Never,SPRA,1.5,No,No,,4.43,3.97,18,18.76,1,4,80,50,23,7.6,5290,297,115,157,no,Rapicet Semi,no,,,,,,,
2022120210073 ,73,9821299,61,F,155,55,22.89,None,Never,SPRA,1.5,No,No,,4.65,5.44,34,34.61,10,10,80,60,3.5,6.1,6520,239,72,500,no,no,no,,,,,,,
2022120210101 ,신촌 1,10810599,62,F,165,64,23.51,None,Never,SPRA,,No,No,,4.39,4.01,21,21.07,3,3,100,50,9,0.7,14900,298,99,1565.5,no,no,no,,3.22,2.74,10,10.06,1.17,N
2022120210104 ,신촌 4,10816884,33,M,185,100,29.22,None,"Current,10PY(1/3갑/일)",SPRA,,No,No,,7.48,7.24,51,56.01,17,17,100,70,42,50.1,6570,237,689,2132.3,Solondo ,아섹,no,,2.71,3.15,12,12.25,4.77,Y
