feature	metadata	value	coef	stderr	pval	qval
s__Cercospora.citrullina	Responder_Status	Responder	-2.657667156584	0.893526261949392	0.00586193227766057	0.349247545126619
s__Penicillium.expansum	Responder_Status	Responder	-2.37844041934753	0.732958020624125	0.00295736385024112	0.349247545126619
s__Rosellinia.necatrix	Responder_Status	Responder	-1.349472402121	0.493172227517575	0.0104953372981692	0.412816600394657
s__Kazachstania.exigua	Responder_Status	Responder	-1.25073282963265	0.487120194628515	0.01566013045354	0.433313775449932
s__Aspergillus.fumigatiaffinis	Responder_Status	Responder	-1.45205512398709	0.705057435794514	0.0485253381745962	0.568422505149723
s__Lasiodiplodia.sp..KE8409	Responder_Status	Responder	-1.98888268013505	0.990472946567726	0.0540377026223812	0.601551783909526
s__Aspergillus.hortae	Responder_Status	Responder	-1.69500776106354	0.875786700515719	0.0627445699222298	0.640362678576925
s__Aspergillus.jensenii	Responder_Status	Responder	-0.643790312621449	0.336352227632595	0.0655305505504135	0.640362678576925
s__.Candida..boidinii	Responder_Status	Responder	-1.49692739742141	0.822813951451489	0.0792085671167402	0.663486633128404
s__Tetrapisispora.blattae	Responder_Status	Responder	0.745028219977987	0.407031086539252	0.077486234800287	0.663486633128404
s__Botrytis.tulipae	Responder_Status	Responder	0.968167725262976	0.540288556935641	0.083582385863428	0.676601065322688
s__Calonectria.naviculata	Responder_Status	Responder	-1.50445301433752	0.839943544193385	0.0837150470653495	0.676601065322688
s__Saccharomycopsis.sp..KB.2023a	Responder_Status	Responder	1.00196713487609	0.605876036403856	0.108964510714447	0.724818657043537
s__Pseudocercospora.ulei	Responder_Status	Responder	-0.630780127133685	0.376489146509551	0.104601749784702	0.724818657043537
s__Zalaria.sp..Him3	Responder_Status	Responder	-0.741272356352102	0.446359538198815	0.107548059284659	0.724818657043537
s__Metschnikowia.sp..MTCC.13085	Responder_Status	Responder	-0.755863224500251	0.477866259916731	0.124554009429613	0.773545953299701
s__Trichoderma.erinaceum	Responder_Status	Responder	1.20264824618568	0.855164404111631	0.170250143526423	0.826820558996237
s__Alternaria.burnsii	Responder_Status	Responder	-1.70924863176517	1.1858556991999	0.160194077288795	0.826820558996237
s__Cryptococcus.sp..VH57_BW	Responder_Status	Responder	1.64851983534089	1.18686998342608	0.175418839777792	0.826820558996237
s__Malassezia.arunalokei	Responder_Status	Responder	1.10107141713284	0.829744067571092	0.194862364722024	0.826873958272139
s__Trichomonascus.petasosporus	Responder_Status	Responder	-0.695500138012144	0.514451268530872	0.186849567788828	0.826873958272139
s__Trichosporon.faecale	Responder_Status	Responder	-0.302775158523333	0.230761738364028	0.199788539733697	0.826873958272139
s__Exserohilum.rostratum	Responder_Status	Responder	1.80077809417322	1.32813337800617	0.185605066403666	0.826873958272139
s__Curvularia.sp..ZM96	Responder_Status	Responder	0.612104766338634	0.457878677294726	0.191672342863316	0.826873958272139
s__Wickerhamomyces.ciferrii	Responder_Status	Responder	0.907946819756304	0.711477839508232	0.212031557912892	0.833990794457374
s__Physisporinus.lineatus	Responder_Status	Responder	1.27125643788867	0.999570996192154	0.21354841465711	0.83439446786553
s__Lasiodiplodia.sp..KE8368	Responder_Status	Responder	-1.3379624525528	1.07826043743504	0.22460486876879	0.849982014630211
s__Aphanoascus.verrucosus	Responder_Status	Responder	-1.12473784595346	0.91965947785586	0.231177864889141	0.849982014630211
s__Byssoonygena.ceratinophila	Responder_Status	Responder	0.77194743876132	0.636438452876902	0.234949310439126	0.850430019380887
s__Teratosphaeria.gauchensis	Responder_Status	Responder	-0.620475418059193	0.521493070840495	0.243772781209102	0.861233179121978
s__Xylaria.cf..heliscus	Responder_Status	Responder	-0.41983253381738	0.36563589564772	0.260259060500269	0.862449193539264
s__Metarhizium.humberi	Responder_Status	Responder	-0.554798942877946	0.512573974504465	0.288002708617471	0.875115382563058
s__Kluyveromyces.marxianus	Responder_Status	Responder	-0.454540646082483	0.430975362377956	0.300280250272993	0.875115382563058
s__Exophiala.spinifera	Responder_Status	Responder	-1.09295592826599	1.00872457477144	0.287511897635958	0.875115382563058
s__Malassezia.pachydermatis	Responder_Status	Responder	-0.497064032774548	0.475430810025294	0.304427586562254	0.876157444252341
s__Ophiosphaerella.herpotricha	Responder_Status	Responder	-0.577294862700814	0.618505169268766	0.358335153879466	0.880359761651353
s__Curvularia.eragrostidis	Responder_Status	Responder	-0.423078206553611	0.451968215477468	0.356962542207518	0.880359761651353
s__Scheffersomyces.stambukii	Responder_Status	Responder	-0.405962636813522	0.534314133740646	0.453517108961089	0.880359761651353
s__Kurtzmaniella.fragi	Responder_Status	Responder	0.976302839813091	0.972376279249184	0.323664872388121	0.880359761651353
s__Wickerhamomyces.pijperi	Responder_Status	Responder	-0.353600358055705	0.443692918384946	0.43195771028808	0.880359761651353
s__Periglandula.ipomoeae	Responder_Status	Responder	-1.07914888622801	1.31328440694183	0.417942421593295	0.880359761651353
s__Albifimbria.verrucaria	Responder_Status	Responder	-0.418369999126998	0.529717473935554	0.436056180931692	0.880359761651353
s__Trichophyton.mentagrophytes	Responder_Status	Responder	0.910911734074171	1.1146947573364	0.420485902199124	0.880359761651353
s__Clarireedia.monteithiana	Responder_Status	Responder	-0.904840533447301	1.19240042986815	0.45407245470952	0.880359761651353
s__Morchella.punctipes	Responder_Status	Responder	0.3677174503784	0.438831613679171	0.408914101979651	0.880359761651353
s__Cladosporium.sp..SL.16	Responder_Status	Responder	0.795055438550507	1.05014099436888	0.455101232718072	0.880359761651353
s__Clarireedia.hainanense	Responder_Status	Responder	0.782693455919066	0.98808418145076	0.434715725412589	0.880359761651353
s__Aspergillus.texensis	Responder_Status	Responder	0.979644541321012	1.23588826545055	0.434410557289128	0.880359761651353
s__Golubevia.sp..BC0812	Responder_Status	Responder	0.241156528782078	0.301734832442836	0.430652937469239	0.880359761651353
s__Myriosclerotinia.scirpicola	Responder_Status	Responder	1.07442024296989	1.09616309025574	0.335111636026627	0.880359761651353
s__Ustanciosporium.gigantosporum	Responder_Status	Responder	0.647417898679253	0.703792761077139	0.365214798206159	0.880359761651353
s__Calvatia.gigantea	Responder_Status	Responder	0.468729798428417	0.613914958983414	0.451326892823374	0.880359761651353
s__Trametes.hirsuta	Responder_Status	Responder	-1.15106971369132	1.20867361559893	0.348794670575138	0.880359761651353
s__Saccharomyces.boulardii..nom..inval..	Responder_Status	Responder	0.786694900968709	0.973482736925876	0.425598889882924	0.880359761651353
s__Fusarium.staphyleae	Responder_Status	Responder	-0.600806193006468	0.670154753815631	0.377358077589136	0.880359761651353
s__Saccharomyces.cerevisiae	Responder_Status	Responder	0.728429805811917	0.905551428615752	0.427708794665811	0.880359761651353
s__Clarireedia.paspali	Responder_Status	Responder	-0.610549582827159	0.818313054007379	0.461608136181081	0.887129642823577
s__Malassezia.cuniculi	Responder_Status	Responder	-0.641573147664678	0.894778642382356	0.47909814325492	0.89042897676438
s__Tuber.melosporum	Responder_Status	Responder	0.39270269384436	0.543915548665335	0.476081202943885	0.89042897676438
s__Lasiodiplodia.citricola	Responder_Status	Responder	-0.720105763595382	1.04263292771824	0.495270031004348	0.89042897676438
s__Aspergillus.flavus	Responder_Status	Responder	-0.60333724717223	0.863023010246532	0.490060568969062	0.89042897676438
s__Ophiosphaerella.narmari	Responder_Status	Responder	0.335570357258303	0.493178128187017	0.50163252522186	0.890758659899418
s__Trichophyton.simii	Responder_Status	Responder	-0.687522219730636	1.00877340634024	0.500935108030327	0.890758659899418
s__Candida.albicans	Responder_Status	Responder	-0.648585996922509	1.03450078070526	0.535593467535449	0.896730515538117
s__.Candida..ascalaphidarum	Responder_Status	Responder	0.466983602046918	0.71252172475699	0.517378907208069	0.896730515538117
s__Hymenoscyphus.linearis	Responder_Status	Responder	-0.436986738937496	0.660281416142935	0.513312229860774	0.896730515538117
s__Malassezia.globosa	Responder_Status	Responder	0.711020018086035	1.12159319757528	0.531090513069168	0.896730515538117
s__Yamadazyma.philogaea	Responder_Status	Responder	0.20187193339273	0.308192584485625	0.517618013202293	0.896730515538117
s__Ganoderma.multipileum	Responder_Status	Responder	-0.319141756875902	0.519463049952385	0.543762165582359	0.90117886992582
s__Pseudozyma.thailandica	Responder_Status	Responder	0.398229534485135	0.662486997771765	0.552434744443915	0.906982809753555
s__Lecanosticta.acicola	Responder_Status	Responder	-0.38539727582412	0.640269265152368	0.551898145428503	0.906982809753555
s__Xenoacremonium.recifei	Responder_Status	Responder	-0.756442798226359	1.28666437424133	0.561143424556907	0.909545660682899
s__Diplodia.sapinea	Responder_Status	Responder	-0.314887793230998	0.602459325220834	0.605173975404371	0.923027505465261
s__Protomyces.arabidopsidicola	Responder_Status	Responder	-0.737317205950127	1.36329700899237	0.592752420891205	0.923027505465261
s__Apiotrichum.gamsii	Responder_Status	Responder	0.26602276980879	0.5256361845489	0.616614614792271	0.928061900053914
s__Apiotrichum.porosum	Responder_Status	Responder	0.278705004746477	0.598336132768406	0.644838201815377	0.939393923632277
s__Oidium.heveae	Responder_Status	Responder	0.473828817310689	1.08132862957185	0.664494439244228	0.946984828874624
s__Sclerotinia.minor	Responder_Status	Responder	-0.105405736282504	0.265397833946837	0.694156600243921	0.955835376049629
s__Atkinsonella.texensis	Responder_Status	Responder	0.123735274869155	0.312465098010631	0.695005722585239	0.955835376049629
s__Fusarium.fracticaudum	Responder_Status	Responder	0.425731047616664	1.09532122854913	0.700350904690485	0.958717015701592
s__Talaromyces.islandicus	Responder_Status	Responder	-0.204898359639838	0.525566762564879	0.699487480410002	0.958717015701592
s__Epichloe.festucae	Responder_Status	Responder	-0.165202197041862	0.477372507633672	0.731791606193166	0.979288362754921
s__Dothiorella.sarmentorum	Responder_Status	Responder	0.370230786950302	1.14770558101625	0.749325011168113	0.989895605367279
s__Hymenoscyphus.occultus	Responder_Status	Responder	0.287243063495445	0.973747502293566	0.770105225192511	0.989895605367279
s__Heterodoassansia.hygrophilae	Responder_Status	Responder	0.141320028698752	0.462609691659335	0.762179318125558	0.989895605367279
s__Mariannaea.elegans	Responder_Status	Responder	-0.222379863731176	0.79708725380909	0.782231988004308	0.990365989229905
s__Aspergillus.sp..HF37	Responder_Status	Responder	0.204138232011162	1.14967146139277	0.860301229277793	0.990365989229905
s__Pseudophaeomoniella.oleicola	Responder_Status	Responder	-0.200100255582922	1.07338578968703	0.853413610188287	0.990365989229905
s__Sclerotinia.nivalis	Responder_Status	Responder	-0.100132525744945	0.474243109713954	0.834253388567389	0.990365989229905
s__Moesziomyces.parantarcticus	Responder_Status	Responder	0.284792860786343	1.46858785491311	0.847588215596975	0.990365989229905
s__Podaxis.sp..AQ645840	Responder_Status	Responder	0.203665771354792	0.705099704708419	0.774753393335311	0.990365989229905
s__Malassezia.restricta	Responder_Status	Responder	0.12042366378124	0.619084199876473	0.847125776952224	0.990365989229905
s__Aspergillus.spinulosporus	Responder_Status	Responder	-0.15972906776432	0.814556368727528	0.845904770992597	0.990365989229905
s__Claviceps.fusiformis	Responder_Status	Responder	-0.176989706693298	1.02460711721594	0.864056475833334	0.990365989229905
s__Fusarium.tuaranense	Responder_Status	Responder	-0.193764110941892	0.812931212340226	0.813283992490752	0.990365989229905
s__Phaeosphaeria.sp..H6.2b	Responder_Status	Responder	0.184992350612601	0.961942223932829	0.848838741457312	0.990365989229905
s__Aureobasidium.sp..P6	Responder_Status	Responder	-0.0911439376952755	0.329264359702738	0.783888853238465	0.990365989229905
s__Fusarium.bulbicola	Responder_Status	Responder	0.221313209676421	0.993586984176309	0.82529799009683	0.990365989229905
s__Botryosphaeria.dothidea	Responder_Status	Responder	-0.220302701937106	0.762080392840334	0.774576187371195	0.990365989229905
s__Zasmidium.angulare	Responder_Status	Responder	0.0673961547012566	0.746145115608276	0.928649308926277	0.992385038706303
s__Pichia.nakasei	Responder_Status	Responder	-0.0775565659187984	0.774207025195908	0.920894344911048	0.992385038706303
s__Fusarium.concolor	Responder_Status	Responder	-0.0494613140321551	0.834167795071853	0.953124498031645	0.992385038706303
s__Coniochaeta.pulveracea	Responder_Status	Responder	-0.0795709193437868	0.476168732486539	0.868445998921196	0.992385038706303
s__Xylaria.sp..218_066	Responder_Status	Responder	0.116115456700293	0.931311467098178	0.901637531347934	0.992385038706303
s__Clarireedia.sp..CPB17	Responder_Status	Responder	-0.0592916581865421	0.661881065854645	0.929236381722778	0.992385038706303
s__Laccaria.trichodermophora	Responder_Status	Responder	-0.0384635709679267	0.477814066609622	0.936393340824146	0.992385038706303
s__Suhomyces.faveliae	Responder_Status	Responder	0.0532798187804345	0.497509746173854	0.91545264264333	0.992385038706303
s__Candida.dubliniensis	Responder_Status	Responder	-0.11932660285011	0.814656135419807	0.884560070368984	0.992385038706303
s__Sphaerostilbella.broomeana	Responder_Status	Responder	0.035993572187523	0.257319079703129	0.889722469202301	0.992385038706303
s__Teratosphaeria.destructans	Responder_Status	Responder	-0.0570569828877321	1.14003408038906	0.960426876442879	0.992385038706303
s__Sarocladium.oryzae	Responder_Status	Responder	-0.0516556422376738	0.665636739464415	0.938676541197143	0.992385038706303
s__Ogataea.ramenticola	Responder_Status	Responder	-0.0316663292264843	0.485055273552106	0.948395882772558	0.992385038706303
s__Scedosporium.minutisporum	Responder_Status	Responder	-0.0241322037390424	0.409086158566855	0.953364290708961	0.992385038706303
s__Alternaria.viburni	Responder_Status	Responder	0.112891112228168	1.16141595795622	0.923235235874896	0.992385038706303
s__Lasiodiplodia.theobromae	Responder_Status	Responder	0.0141587004951719	1.09605690414791	0.989781793324414	0.997169809050649
s__Tausonia.pullulans	Responder_Status	Responder	0.00606447266841613	0.539784000278677	0.991112891781833	0.997169809050649
s__Pyricularia.oryzae	Responder_Status	Responder	0.00454030224659505	1.26900973230777	0.997169809050649	0.997169809050649
s__Cercospora.canescens	Responder_Status	Responder	0.0368455867998014	0.951263309941176	0.969368427584727	0.997169809050649
